Beat Count,Instrument 1,Instrument 2,Section,
1,,,Intro 1,1
e,,,Intro 1,
&,,,Intro 1,
a,,,Intro 1,
2,,,Intro 1,
e,,,Intro 1,
&,,,Intro 1,
a,,,Intro 1,
3,,,Intro 1,2
e,,,Intro 1,
&,,,Intro 1,
a,,,Intro 1,
4,,,Intro 1,
e,,,Intro 1,
&,,,Intro 1,
a,,,Intro 1,
5,,,Intro 1,3
e,,,Intro 1,
&,,,Intro 1,
a,,,Intro 1,
6,,,Intro 1,
e,,,Intro 1,
&,,,Intro 1,
a,,,Intro 1,
7,,,Intro 1,4
e,,,Intro 1,
&,,,Intro 1,
a,,,Intro 1,
8,,,Intro 1,
e,,,Intro 1,
&,,,Intro 1,
a,,,Intro 1,
9,,,Intro 1,5
e,,,Intro 1,
&,,,Intro 1,
a,,,Intro 1,
10,,,Intro 1,
e,,,Intro 1,
&,,,Intro 1,
a,,,Intro 1,
11,,,Intro 1,6
e,,,Intro 1,
&,,,Intro 1,
a,,,Intro 1,
12,,,Intro 1,
e,,,Intro 1,
&,,,Intro 1,
a,,,Intro 1,
13,,,Intro 1,7
e,,,Intro 1,
&,,,Intro 1,
a,,,Intro 1,
14,,,Intro 1,
e,,,Intro 1,
&,,,Intro 1,
a,,,Intro 1,
15,,,Intro 1,8
e,,,Intro 1,
&,,,Intro 1,
a,,,Intro 1,
16,,,Intro 1,
e,,,Intro 1,
&,,,Intro 1,
a,,,Intro 1,
17,Crash Cymbal,Bass Drum,Intro 2,9
e,,,Intro 2,
&,,,Intro 2,
a,,,Intro 2,
18,,,Intro 2,
e,,,Intro 2,
&,Ride Cymbal,Hi-Hat (Open),Intro 2,
a,,,Intro 2,
19,Ride Cymbal,Hi-Hat (Open),Intro 2,10
e,,,Intro 2,
&,Ride Cymbal,Hi-Hat (Open),Intro 2,
a,,,Intro 2,
20,,,Intro 2,
e,,,Intro 2,
&,,,Intro 2,
a,,,Intro 2,
21,Crash Cymbal,Bass Drum,Intro 2,11
e,,,Intro 2,
&,,,Intro 2,
a,,,Intro 2,
22,,,Intro 2,
e,,,Intro 2,
&,Ride Cymbal,Hi-Hat (Open),Intro 2,
a,,,Intro 2,
23,Ride Cymbal,Hi-Hat (Open),Intro 2,12
e,,,Intro 2,
&,Ride Cymbal,Hi-Hat (Open),Intro 2,
a,,,Intro 2,
24,,,Intro 2,
e,,,Intro 2,
&,,,Intro 2,
a,,,Intro 2,
25,Crash Cymbal,Bass Drum,Intro 2,13
e,,,Intro 2,
&,,,Intro 2,
a,,,Intro 2,
26,,,Intro 2,
e,,,Intro 2,
&,Ride Cymbal,Hi-Hat (Open),Intro 2,
a,,,Intro 2,
27,Ride Cymbal,Hi-Hat (Open),Intro 2,14
e,,,Intro 2,
&,Ride Cymbal,Hi-Hat (Open),Intro 2,
a,,,Intro 2,
28,,,Intro 2,
e,,,Intro 2,
&,,,Intro 2,
a,,,Intro 2,
29,Bass Drum,Crash Cymbal,Intro 2,15
e,,,Intro 2,
&,Tom-tom,Snare Drum,Intro 2,
a,,,Intro 2,
30,Tom-tom,Snare Drum,Intro 2,
e,,,Intro 2,
&,Tom-tom,Snare Drum,Intro 2,
a,,,Intro 2,
31,Tom-tom,Snare Drum,Intro 2,16
e,,,Intro 2,
&,Tom-tom,Snare Drum,Intro 2,
a,,,Intro 2,
32,Tom-tom,Snare Drum,Intro 2,
e,,,Intro 2,
&,Tom-tom,Snare Drum,Intro 2,
a,,,Intro 2,
33,Tom-tom,Snare Drum,Intro 2,17
e,,,Intro 2,
&,Tom-tom,Snare Drum,Intro 2,
a,,,Intro 2,
34,Tom-tom,Snare Drum,Intro 2,
e,,,Intro 2,
&,Tom-tom,Snare Drum,Intro 2,
a,,,Intro 2,
35,Tom-tom,Snare Drum,Intro 2,18
e,,,Intro 2,
&,Bass Drum,,Intro 2,
a,,,Intro 2,
36,Tom-tom,Snare Drum,Intro 2,
e,,,Intro 2,
&,,,Intro 2,
a,,,Intro 2,
37,Bass Drum,Tom-tom,Intro 3,19
e,,,Intro 3,
&,Hi-Hat (Open),,Intro 3,
a,,,Intro 3,
38,Snare Drum,Hi-Hat (Open),Intro 3,
e,,,Intro 3,
&,Bass Drum,Hi-Hat (Open),Intro 3,
a,,,Intro 3,
39,Bass Drum,Hi-Hat (Open),Intro 3,20
e,,,Intro 3,
&,Hi-Hat (Open),,Intro 3,
a,,,Intro 3,
40,Snare Drum,Hi-Hat (Open),Intro 3,
e,,,Intro 3,
&,Bass Drum,Hi-Hat (Open),Intro 3,
a,,,Intro 3,
41,Bass Drum,Hi-Hat (Open),Intro 3,21
e,,,Intro 3,
&,Hi-Hat (Open),,Intro 3,
a,,,Intro 3,
42,Snare Drum,Hi-Hat (Open),Intro 3,
e,,,Intro 3,
&,Bass Drum,Hi-Hat (Open),Intro 3,
a,,,Intro 3,
43,Bass Drum,Hi-Hat (Open),Intro 3,22
e,,,Intro 3,
&,Hi-Hat (Open),,Intro 3,
a,,,Intro 3,
44,Snare Drum,Hi-Hat (Open),Intro 3,
e,,,Intro 3,
&,Bass Drum,Hi-Hat (Open),Intro 3,
a,,,Intro 3,
45,Bass Drum,Hi-Hat (Open),Intro 3,23
e,,,Intro 3,
&,Hi-Hat (Open),,Intro 3,
a,,,Intro 3,
46,Snare Drum,Hi-Hat (Open),Intro 3,
e,,,Intro 3,
&,Bass Drum,Hi-Hat (Open),Intro 3,
a,,,Intro 3,
47,Bass Drum,Hi-Hat (Open),Intro 3,24
e,,,Intro 3,
&,Hi-Hat (Open),,Intro 3,
a,,,Intro 3,
48,Snare Drum,Hi-Hat (Open),Intro 3,
e,,,Intro 3,
&,Bass Drum,Hi-Hat (Open),Intro 3,
a,,,Intro 3,
49,Bass Drum,Hi-Hat (Open),Intro 3,25
e,,,Intro 3,
&,Hi-Hat (Open),,Intro 3,
a,,,Intro 3,
50,Snare Drum,Hi-Hat (Open),Intro 3,
e,,,Intro 3,
&,Bass Drum,Hi-Hat (Open),Intro 3,
a,,,Intro 3,
51,Bass Drum,Hi-Hat (Open),Intro 3,26
e,,,Intro 3,
&,Hi-Hat (Open),,Intro 3,
a,,,Intro 3,
52,Snare Drum,Hi-Hat (Open),Intro 3,
e,,,Intro 3,
&,Bass Drum,Hi-Hat (Open),Intro 3,
a,,,Intro 3,
53,Bass Drum,Hi-Hat (Open),Intro 3,27
e,,,Intro 3,
&,Hi-Hat (Open),,Intro 3,
a,,,Intro 3,
54,Snare Drum,Hi-Hat (Open),Intro 3,
e,,,Intro 3,
&,Bass Drum,Hi-Hat (Open),Intro 3,
a,,,Intro 3,
55,Bass Drum,Hi-Hat (Open),Intro 3,28
e,,,Intro 3,
&,Hi-Hat (Open),,Intro 3,
a,,,Intro 3,
56,Snare Drum,Hi-Hat (Open),Intro 3,
e,,,Intro 3,
&,Bass Drum,Hi-Hat (Open),Intro 3,
a,,,Intro 3,
57,Bass Drum,Hi-Hat (Open),Intro 3,29
e,,,Intro 3,
&,Snare Drum,Tom-tom,Intro 3,
a,,,Intro 3,
58,Hi-Hat (Open),,Intro 3,
e,,,Intro 3,
&,Bass Drum,Hi-Hat (Open),Intro 3,
a,,,Intro 3,
59,Snare Drum,Tom-tom,Intro 3,30
e,,,Intro 3,
&,Bass Drum,,Intro 3,
a,,,Intro 3,
60,Snare Drum,Tom-tom,Intro 3,
e,,,Intro 3,
&,Bass Drum,,Intro 3,
a,,,Intro 3,
61,Bass Drum,Ghost Note,Intro 3,31
e,,,Intro 3,
&,Ghost Note,,Intro 3,
a,,,Intro 3,
62,Snare Drum,Ghost Note,Intro 3,
e,,,Intro 3,
&,Bass Drum,Ghost Note,Intro 3,
a,,,Intro 3,
63,Bass Drum,Ghost Note,Intro 3,32
e,,,Intro 3,
&,Ghost Note,,Intro 3,
a,,,Intro 3,
64,Snare Drum,Ghost Note,Intro 3,
e,,,Intro 3,
&,Bass Drum,Ghost Note,Intro 3,
a,,,Intro 3,
65,Bass Drum,Ghost Note,Intro 3,33
e,,,Intro 3,
&,Ghost Note,,Intro 3,
a,,,Intro 3,
66,Snare Drum,Ghost Note,Intro 3,
e,,,Intro 3,
&,Bass Drum,Ghost Note,Intro 3,
a,,,Intro 3,
67,Bass Drum,Ghost Note,Intro 3,34
e,,,Intro 3,
&,Ghost Note,,Intro 3,
a,,,Intro 3,
68,Snare Drum,Ghost Note,Intro 3,
e,,,Intro 3,
&,Bass Drum,Ghost Note,Intro 3,
a,,,Intro 3,
69,Bass Drum,Ghost Note,Intro 3,35
e,,,Intro 3,
&,Ghost Note,,Intro 3,
a,,,Intro 3,
70,Snare Drum,Ghost Note,Intro 3,
e,,,Intro 3,
&,Bass Drum,Ghost Note,Intro 3,
a,,,Intro 3,
71,Bass Drum,Ghost Note,Verse 1,36
e,,,Verse 1,
&,Ghost Note,,Verse 1,
a,,,Verse 1,
72,Snare Drum,Ghost Note,Verse 1,
e,,,Verse 1,
&,Bass Drum,Ghost Note,Verse 1,
a,,,Verse 1,
73,Bass Drum,Ghost Note,Verse 1,37
e,,,Verse 1,
&,Ghost Note,,Verse 1,
a,,,Verse 1,
74,Snare Drum,Ghost Note,Verse 1,
e,,,Verse 1,
&,Bass Drum,Ghost Note,Verse 1,
a,,,Verse 1,
75,Bass Drum,Ghost Note,Verse 1,38
e,,,Verse 1,
&,Bass Drum,Ghost Note,Verse 1,
a,,,Verse 1,
76,Snare Drum,Ghost Note,Verse 1,
e,,,Verse 1,
&,Bass Drum,Ghost Note,Verse 1,
a,,,Verse 1,
77,Bass Drum,Ghost Note,Verse 1,39
e,,,Verse 1,
&,Ghost Note,,Verse 1,
a,,,Verse 1,
78,Snare Drum,Ghost Note,Verse 1,
e,,,Verse 1,
&,Bass Drum,Ghost Note,Verse 1,
a,,,Verse 1,
79,Bass Drum,Ghost Note,Verse 1,40
e,,,Verse 1,
&,Ghost Note,,Verse 1,
a,,,Verse 1,
80,Snare Drum,Ghost Note,Verse 1,
e,,,Verse 1,
&,Bass Drum,Ghost Note,Verse 1,
a,,,Verse 1,
81,Bass Drum,Ghost Note,Verse 1,41
e,,,Verse 1,
&,Ghost Note,,Verse 1,
a,,,Verse 1,
82,Snare Drum,Ghost Note,Verse 1,
e,,,Verse 1,
&,Bass Drum,Ghost Note,Verse 1,
a,,,Verse 1,
83,Bass Drum,Ghost Note,Verse 1,42
e,,,Verse 1,
&,Ghost Note,,Verse 1,
a,,,Verse 1,
84,Snare Drum,Ghost Note,Verse 1,
e,,,Verse 1,
&,Bass Drum,Ghost Note,Verse 1,
a,,,Verse 1,
85,Bass Drum,Ghost Note,Verse 1,43
e,,,Verse 1,
&,Ghost Note,,Verse 1,
a,,,Verse 1,
86,Snare Drum,Ghost Note,Verse 1,
e,,,Verse 1,
&,Bass Drum,Ghost Note,Verse 1,
a,,,Verse 1,
87,Bass Drum,Ghost Note,Verse 1,44
e,,,Verse 1,
&,Ghost Note,,Verse 1,
a,,,Verse 1,
88,Snare Drum,Ghost Note,Verse 1,
e,,,Verse 1,
&,Bass Drum,Ghost Note,Verse 1,
a,,,Verse 1,
89,Bass Drum,Ghost Note,Verse 1,45
e,,,Verse 1,
&,Snare Drum,Tom-tom,Verse 1,
a,,,Verse 1,
90,Ghost Note,,Verse 1,
e,,,Verse 1,
&,Bass Drum,Ghost Note,Verse 1,
a,,,Verse 1,
91,Snare Drum,Tom-tom,Verse 1,46
e,,,Verse 1,
&,Bass Drum,,Verse 1,
a,,,Verse 1,
92,Snare Drum,Tom-tom,Verse 1,
e,,,Verse 1,
&,Bass Drum,,Verse 1,
a,,,Verse 1,
93,Bass Drum,Tom-tom,Verse 1,47
e,,,Verse 1,
&,Hi-Hat (Open),,Verse 1,
a,,,Verse 1,
94,Snare Drum,Hi-Hat (Open),Verse 1,
e,,,Verse 1,
&,Bass Drum,Tom-tom,Verse 1,
a,,,Verse 1,
95,Hi-Hat (Open),,Verse 1,48
e,,,Verse 1,
&,Bass Drum,Hi-Hat (Open),Verse 1,
a,,,Verse 1,
96,Snare Drum,Hi-Hat (Open),Verse 1,
e,,,Verse 1,
&,Hi-Hat (Open),,Verse 1,
a,,,Verse 1,
97,Bass Drum,Tom-tom,Verse 1,49
e,,,Verse 1,
&,Hi-Hat (Open),,Verse 1,
a,,,Verse 1,
98,Snare Drum,Hi-Hat (Open),Verse 1,
e,,,Verse 1,
&,Bass Drum,Tom-tom,Verse 1,
a,,,Verse 1,
99,Hi-Hat (Open),,Verse 1,50
e,,,Verse 1,
&,Bass Drum,Hi-Hat (Open),Verse 1,
a,,,Verse 1,
100,Snare Drum,Hi-Hat (Open),Verse 1,
e,,,Verse 1,
&,Bass Drum,Hi-Hat (Open),Verse 1,
a,,,Verse 1,
101,Bass Drum,Tom-tom,Verse 1,51
e,,,Verse 1,
&,Hi-Hat (Open),,Verse 1,
a,,,Verse 1,
102,Snare Drum,Hi-Hat (Open),Verse 1,
e,,,Verse 1,
&,Bass Drum,Hi-Hat (Open),Verse 1,
a,,,Verse 1,
103,Bass Drum,Hi-Hat (Open),Chorus,52
e,,,Chorus,
&,Hi-Hat (Open),,Chorus,
a,,,Chorus,
104,Snare Drum,Hi-Hat (Open),Chorus,
e,,,Chorus,
&,Bass Drum,Hi-Hat (Open),Chorus,
a,,,Chorus,
105,Bass Drum,Hi-Hat (Open),Chorus,53
e,,,Chorus,
&,Hi-Hat (Open),,Chorus,
a,,,Chorus,
106,Snare Drum,Hi-Hat (Open),Chorus,
e,,,Chorus,
&,Bass Drum,Hi-Hat (Open),Chorus,
a,,,Chorus,
107,Bass Drum,Hi-Hat (Open),Chorus,54
e,,,Chorus,
&,Hi-Hat (Open),,Chorus,
a,,,Chorus,
108,Snare Drum,Hi-Hat (Open),Chorus,
e,,,Chorus,
&,Bass Drum,Hi-Hat (Open),Chorus,
a,,,Chorus,
109,Bass Drum,Hi-Hat (Open),Chorus,55
e,,,Chorus,
&,Hi-Hat (Open),,Chorus,
a,,,Chorus,
110,Snare Drum,Hi-Hat (Open),Chorus,
e,,,Chorus,
&,Bass Drum,Hi-Hat (Open),Chorus,
a,,,Chorus,
111,Bass Drum,Hi-Hat (Open),Chorus,56
e,,,Chorus,
&,Snare Drum,Tom-tom,Chorus,
a,,,Chorus,
112,Snare Drum,Tom-tom,Chorus,
e,,,Chorus,
&,,,Chorus,
a,,,Chorus,
113,Bass Drum,Tom-tom,Chorus,57
e,,,Chorus,
&,Hi-Hat (Open),,Chorus,
a,,,Chorus,
114,Snare Drum,Hi-Hat (Open),Chorus,
e,,,Chorus,
&,Bass Drum,Hi-Hat (Open),Chorus,
a,,,Chorus,
115,Bass Drum,Hi-Hat (Open),Chorus,58
e,,,Chorus,
&,Hi-Hat (Open),,Chorus,
a,,,Chorus,
116,Snare Drum,Hi-Hat (Open),Chorus,
e,,,Chorus,
&,Bass Drum,Hi-Hat (Open),Chorus,
a,,,Chorus,
117,Bass Drum,Hi-Hat (Open),Chorus,59
e,,,Chorus,
&,Hi-Hat (Open),,Chorus,
a,,,Chorus,
118,Snare Drum,Hi-Hat (Open),Chorus,
e,,,Chorus,
&,Bass Drum,Hi-Hat (Open),Chorus,
a,,,Chorus,
119,Bass Drum,Hi-Hat (Open),Chorus,60
e,,,Chorus,
&,Hi-Hat (Open),,Chorus,
a,,,Chorus,
120,Hi-Hat (Open),,Chorus,
e,,,Chorus,
&,Bass Drum,Hi-Hat (Open),Chorus,
a,,,Chorus,
121,Bass Drum,Hi-Hat (Open),,61
e,,,,
&,Hi-Hat (Open),,,
a,,,,
122,Snare Drum,Hi-Hat (Open),,
e,,,,
&,Bass Drum,Hi-Hat (Open),,
a,,,,
123,Bass Drum,Hi-Hat (Open),,62
e,,,,
&,Hi-Hat (Open),,,
a,,,,
124,Hi-Hat (Open),,,
e,,,,
&,Bass Drum,Hi-Hat (Open),,
a,,,,
125,Bass Drum,Hi-Hat (Open),,63
e,,,,
&,Hi-Hat (Open),,,
a,,,,
126,Snare Drum,Hi-Hat (Open),,
e,,,,
&,Bass Drum,Hi-Hat (Open),,
a,,,,
127,Bass Drum,Hi-Hat (Open),,64
e,,,,
&,Hi-Hat (Open),,,
a,,,,
128,Hi-Hat (Open),,,
e,,,,
&,Bass Drum,Hi-Hat (Open),,
a,,,,
129,Bass Drum,Hi-Hat (Open),,65
e,,,,
&,Hi-Hat (Open),,,
a,,,,
130,Snare Drum,Hi-Hat (Open),,
e,,,,
&,Bass Drum,Hi-Hat (Open),,
a,,,,
131,Bass Drum,Hi-Hat (Open),,66
e,,,,
&,Hi-Hat (Open),,,
a,,,,
132,Hi-Hat (Open),,,
e,,,,
&,Bass Drum,Hi-Hat (Open),,
a,,,,
133,Bass Drum,Hi-Hat (Open),,67
e,,,,
&,Hi-Hat (Open),,,
a,,,,
134,Snare Drum,Hi-Hat (Open),,
e,,,,
&,Bass Drum,Hi-Hat (Open),,
a,,,,
135,Bass Drum,Hi-Hat (Open),,68
e,,,,
&,Hi-Hat (Open),,,
a,,,,
136,Hi-Hat (Open),,,
e,,,,
&,Bass Drum,Hi-Hat (Open),,
a,,,,
137,Bass Drum,Hi-Hat (Open),,69
e,,,,
&,Hi-Hat (Open),,,
a,,,,
138,Snare Drum,Hi-Hat (Open),,
e,,,,
&,Bass Drum,Hi-Hat (Open),,
a,,,,
139,Bass Drum,Hi-Hat (Open),,70
e,,,,
&,Hi-Hat (Open),,,
a,,,,
140,Hi-Hat (Open),,,
e,,,,
&,Bass Drum,Hi-Hat (Open),,
a,,,,
141,Bass Drum,Hi-Hat (Open),,71
e,,,,
&,Snare Drum,Tom-tom,,
a,,,,
142,Hi-Hat (Open),,,
e,,,,
&,Bass Drum,Hi-Hat (Open),,
a,,,,
143,Snare Drum,Tom-tom,,72
e,,,,
&,Bass Drum,,,
a,,,,
144,Snare Drum,Tom-tom,,
e,,,,
&,,,,
a,,,,
145,Bass Drum,Ghost Note,,73
e,,,,
&,Ghost Note,,,
a,,,,
146,Snare Drum,Ghost Note,,
e,,,,
&,Bass Drum,Ghost Note,,
a,,,,
147,Bass Drum,Ghost Note,,74
e,,,,
&,Ghost Note,,,
a,,,,
148,Snare Drum,Ghost Note,,
e,,,,
&,Bass Drum,Ghost Note,,
a,,,,
149,Bass Drum,Ghost Note,,75
e,,,,
&,Ghost Note,,,
a,,,,
150,Snare Drum,Ghost Note,,
e,,,,
&,Bass Drum,Ghost Note,,
a,,,,
151,Bass Drum,Ghost Note,,76
e,,,,
&,Ghost Note,,,
a,,,,
152,Snare Drum,Ghost Note,,
e,,,,
&,Bass Drum,Ghost Note,,
a,,,,
153,Bass Drum,Ghost Note,,77
e,,,,
&,Ghost Note,,,
a,,,,
154,Snare Drum,Ghost Note,,
e,,,,
&,Bass Drum,Ghost Note,,
a,,,,
155,Bass Drum,Ghost Note,,78
e,,,,
&,Ghost Note,,,
a,,,,
156,Snare Drum,Ghost Note,,
e,,,,
&,Bass Drum,Ghost Note,,
a,,,,
157,Bass Drum,Ghost Note,,79
e,,,,
&,Ghost Note,,,
a,,,,
158,Snare Drum,Ghost Note,,
e,,,,
&,Bass Drum,Ghost Note,,
a,,,,
159,Bass Drum,Ghost Note,,80
e,,,,
&,Bass Drum,Ghost Note,,
a,,,,
160,Snare Drum,Ghost Note,,
e,,,,
&,Bass Drum,Ghost Note,,
a,,,,
161,Bass Drum,Ghost Note,,81
e,,,,
&,Ghost Note,,,
a,,,,
162,Snare Drum,Ghost Note,,
e,,,,
&,Bass Drum,Ghost Note,,
a,,,,
163,Bass Drum,Ghost Note,,82
e,,,,
&,Ghost Note,,,
a,,,,
164,Snare Drum,Ghost Note,,
e,,,,
&,Bass Drum,Ghost Note,,
a,,,,
165,Bass Drum,Ghost Note,,83
e,,,,
&,Ghost Note,,,
a,,,,
166,Snare Drum,Ghost Note,,
e,,,,
&,Bass Drum,Ghost Note,,
a,,,,
167,Bass Drum,Ghost Note,,84
e,,,,
&,Ghost Note,,,
a,,,,
168,Snare Drum,Ghost Note,,
e,,,,
&,Bass Drum,Ghost Note,,
a,,,,
169,Bass Drum,Ghost Note,,85
e,,,,
&,Ghost Note,,,
a,,,,
170,Snare Drum,Ghost Note,,
e,,,,
&,Bass Drum,Ghost Note,,
a,,,,
171,Bass Drum,Ghost Note,,86
e,,,,
&,Ghost Note,,,
a,,,,
172,Snare Drum,Ghost Note,,
e,,,,
&,Bass Drum,Ghost Note,,
a,,,,
173,Bass Drum,Ghost Note,,87
e,,,,
&,Snare Drum,Tom-tom,,
a,,,,
174,Ghost Note,,,
e,,,,
&,Bass Drum,Ghost Note,,
a,,,,
175,Snare Drum,Tom-tom,,88
e,,,,
&,Bass Drum,,,
a,,,,
176,Snare Drum,Tom-tom,,
e,,,,
&,Bass Drum,,,
a,,,,
177,Bass Drum,Tom-tom,,89
e,,,,
&,Hi-Hat (Open),,,
a,,,,
178,Snare Drum,Hi-Hat (Open),,
e,,,,
&,Bass Drum,Tom-tom,,
a,,,,
179,Hi-Hat (Open),,,90
e,,,,
&,Bass Drum,Hi-Hat (Open),,
a,,,,
180,Snare Drum,Hi-Hat (Open),,
e,,,,
&,Hi-Hat (Open),,,
a,,,,
181,Bass Drum,Tom-tom,,91
e,,,,
&,Hi-Hat (Open),,,
a,,,,
182,Snare Drum,Hi-Hat (Open),,
e,,,,
&,Bass Drum,Tom-tom,,
a,,,,
183,Hi-Hat (Open),,,92
e,,,,
&,Bass Drum,Hi-Hat (Open),,
a,,,,
184,Snare Drum,Hi-Hat (Open),,
e,,,,
&,Bass Drum,Hi-Hat (Open),,
a,,,,
185,Bass Drum,Tom-tom,,93
e,,,,
&,Hi-Hat (Open),,,
a,,,,
186,Snare Drum,Hi-Hat (Open),,
e,,,,
&,Bass Drum,Hi-Hat (Open),,
a,,,,
187,Bass Drum,Hi-Hat (Open),,94
e,,,,
&,Hi-Hat (Open),,,
a,,,,
188,Snare Drum,Hi-Hat (Open),,
e,,,,
&,Bass Drum,Hi-Hat (Open),,
a,,,,
189,Bass Drum,Hi-Hat (Open),,95
e,,,,
&,Hi-Hat (Open),,,
a,,,,
190,Snare Drum,Hi-Hat (Open),,
e,,,,
&,Bass Drum,Hi-Hat (Open),,
a,,,,
191,Bass Drum,Hi-Hat (Open),,96
e,,,,
&,Hi-Hat (Open),,,
a,,,,
192,Snare Drum,Hi-Hat (Open),,
e,,,,
&,Bass Drum,Hi-Hat (Open),,
a,,,,
193,Bass Drum,Hi-Hat (Open),,97
e,,,,
&,Hi-Hat (Open),,,
a,,,,
194,Snare Drum,Hi-Hat (Open),,
e,,,,
&,Bass Drum,Hi-Hat (Open),,
a,,,,
195,Bass Drum,Hi-Hat (Open),,98
e,,,,
&,Snare Drum,Tom-tom,,
a,,,,
196,Snare Drum,Tom-tom,,
e,,,,
&,,,,
a,,,,
197,Bass Drum,Tom-tom,,99
e,,,,
&,Hi-Hat (Open),,,
a,,,,
198,Snare Drum,Hi-Hat (Open),,
e,,,,
&,Bass Drum,Hi-Hat (Open),,
a,,,,
199,Bass Drum,Hi-Hat (Open),,100
e,,,,
&,Hi-Hat (Open),,,
a,,,,
200,Snare Drum,Hi-Hat (Open),,
e,,,,
&,Bass Drum,Hi-Hat (Open),,
a,,,,
201,Bass Drum,Hi-Hat (Open),,101
e,,,,
&,Hi-Hat (Open),,,
a,,,,
202,Snare Drum,Hi-Hat (Open),,
e,,,,
&,Bass Drum,Hi-Hat (Open),,
a,,,,
203,Bass Drum,Hi-Hat (Open),,102
e,,,,
&,Hi-Hat (Open),,,
a,,,,
204,Hi-Hat (Open),,,
e,,,,
&,Bass Drum,Hi-Hat (Open),,
a,,,,
205,Bass Drum,Hi-Hat (Open),,103
e,,,,
&,Hi-Hat (Open),,,
a,,,,
206,Snare Drum,Hi-Hat (Open),,
e,,,,
&,Bass Drum,Hi-Hat (Open),,
a,,,,
207,Bass Drum,Hi-Hat (Open),,104
e,,,,
&,Hi-Hat (Open),,,
a,,,,
208,Hi-Hat (Open),,,
e,,,,
&,Bass Drum,Hi-Hat (Open),,
a,,,,
209,Bass Drum,Hi-Hat (Open),,105
e,,,,
&,Hi-Hat (Open),,,
a,,,,
210,Snare Drum,Hi-Hat (Open),,
e,,,,
&,Bass Drum,Hi-Hat (Open),,
a,,,,
211,Bass Drum,Hi-Hat (Open),,106
e,,,,
&,Hi-Hat (Open),,,
a,,,,
212,Hi-Hat (Open),,,
e,,,,
&,Bass Drum,Hi-Hat (Open),,
a,,,,
213,Bass Drum,Hi-Hat (Open),,107
e,,,,
&,Hi-Hat (Open),,,
a,,,,
214,Snare Drum,Hi-Hat (Open),,
e,,,,
&,Bass Drum,Hi-Hat (Open),,
a,,,,
215,Bass Drum,Hi-Hat (Open),,108
e,,,,
&,Hi-Hat (Open),,,
a,,,,
216,Hi-Hat (Open),,,
e,,,,
&,Bass Drum,Hi-Hat (Open),,
a,,,,
217,Bass Drum,Hi-Hat (Open),,109
e,,,,
&,Hi-Hat (Open),,,
a,,,,
218,Snare Drum,Hi-Hat (Open),,
e,,,,
&,Bass Drum,Hi-Hat (Open),,
a,,,,
219,Bass Drum,Hi-Hat (Open),,110
e,,,,
&,Hi-Hat (Open),,,
a,,,,
220,Hi-Hat (Open),,,
e,,,,
&,Bass Drum,Hi-Hat (Open),,
a,,,,
221,Bass Drum,Hi-Hat (Open),,111
e,,,,
&,Hi-Hat (Open),,,
a,,,,
222,Snare Drum,Hi-Hat (Open),,
e,,,,
&,Bass Drum,Hi-Hat (Open),,
a,,,,
223,Bass Drum,Hi-Hat (Open),,112
e,,,,
&,Hi-Hat (Open),,,
a,,,,
224,Hi-Hat (Open),,,
e,,,,
&,Bass Drum,Hi-Hat (Open),,
a,,,,
225,Bass Drum,Hi-Hat (Open),,113
e,,,,
&,Snare Drum,Tom-tom,,
a,,,,
226,Hi-Hat (Open),,,
e,,,,
&,Bass Drum,Hi-Hat (Open),,
a,,,,
227,Snare Drum,Tom-tom,,114
e,,,,
&,Bass Drum,,,
a,,,,
228,Snare Drum,Tom-tom,,
e,,,,
&,,,,
a,,,,
229,Bass Drum,Tom-tom,,115
e,,,,
&,Hi-Hat (Open),,,
a,,,,
230,Snare Drum,Hi-Hat (Open),,
e,,,,
&,Bass Drum,Tom-tom,,
a,,,,
231,Hi-Hat (Open),,,116
e,,,,
&,Bass Drum,Hi-Hat (Open),,
a,,,,
232,Snare Drum,Hi-Hat (Open),,
e,,,,
&,Hi-Hat (Open),,,
a,,,,
233,Bass Drum,Tom-tom,,117
e,,,,
&,Hi-Hat (Open),,,
a,,,,
234,Snare Drum,Hi-Hat (Open),,
e,,,,
&,Bass Drum,Tom-tom,,
a,,,,
235,Hi-Hat (Open),,,118
e,,,,
&,Bass Drum,Hi-Hat (Open),,
a,,,,
236,Snare Drum,Hi-Hat (Open),,
e,,,,
&,Bass Drum,Hi-Hat (Open),,
a,,,,
237,Bass Drum,Tom-tom,,119
e,,,,
&,Hi-Hat (Open),,,
a,,,,
238,Snare Drum,Hi-Hat (Open),,
e,,,,
&,Bass Drum,Hi-Hat (Open),,
a,,,,
239,Bass Drum,Hi-Hat (Open),,120
e,,,,
&,Hi-Hat (Open),,,
a,,,,
240,Snare Drum,Hi-Hat (Open),,
e,,,,
&,Bass Drum,Hi-Hat (Open),,
a,,,,
241,Bass Drum,Hi-Hat (Open),,121
e,,,,
&,Hi-Hat (Open),,,
a,,,,
242,Snare Drum,Hi-Hat (Open),,
e,,,,
&,Bass Drum,Hi-Hat (Open),,
a,,,,
243,Bass Drum,Hi-Hat (Open),,122
e,,,,
&,Hi-Hat (Open),,,
a,,,,
244,Snare Drum,Hi-Hat (Open),,
e,,,,
&,Bass Drum,Hi-Hat (Open),,
a,,,,
245,Bass Drum,Tom-tom,,123
e,,,,
&,Hi-Hat (Open),,,
a,,,,
246,Snare Drum,Hi-Hat (Open),,
e,,,,
&,Bass Drum,Tom-tom,,
a,,,,
247,Hi-Hat (Open),,,124
e,,,,
&,Bass Drum,Hi-Hat (Open),,
a,,,,
248,Snare Drum,Hi-Hat (Open),,
e,,,,
&,Hi-Hat (Open),,,
a,,,,
249,Bass Drum,Tom-tom,,125
e,,,,
&,Hi-Hat (Open),,,
a,,,,
250,Snare Drum,Hi-Hat (Open),,
e,,,,
&,Bass Drum,Tom-tom,,
a,,,,
251,Hi-Hat (Open),,,126
e,,,,
&,Bass Drum,Hi-Hat (Open),,
a,,,,
252,Snare Drum,Hi-Hat (Open),,
e,,,,
&,Hi-Hat (Open),,,
a,,,,
253,Bass Drum,Tom-tom,,127
e,,,,
&,Tom-tom,Snare Drum,,
a,,,,
254,Tom-tom,Snare Drum,,
e,,,,
&,Tom-tom,Snare Drum,,
a,,,,
255,Tom-tom,Snare Drum,,128
e,,,,
&,Tom-tom,Snare Drum,,
a,,,,
256,Tom-tom,Snare Drum,,
e,,,,
&,Tom-tom,Snare Drum,,
a,,,,
257,Tom-tom,Snare Drum,,129
e,,,,
&,Tom-tom,Snare Drum,,
a,,,,
258,Tom-tom,Snare Drum,,
e,,,,
&,Tom-tom,Snare Drum,,
a,,,,
259,Tom-tom,Snare Drum,,130
e,,,,
&,Bass Drum,,,
a,,,,
260,Snare Drum,Snare Drum,,
e,,,,
&,,,,
a,,,,
261,Bass Drum,Tom-tom,,131
e,,,,
&,Hi-Hat (Open),,,
a,,,,
262,Snare Drum,Hi-Hat (Open),,
e,,,,
&,Bass Drum,Tom-tom,,
a,,,,
263,Hi-Hat (Open),,,132
e,,,,
&,Bass Drum,Hi-Hat (Open),,
a,,,,
264,Snare Drum,Hi-Hat (Open),,
e,,,,
&,Hi-Hat (Open),,,
a,,,,
265,Bass Drum,Tom-tom,,133
e,,,,
&,Hi-Hat (Open),,,
a,,,,
266,Snare Drum,Hi-Hat (Open),,
e,,,,
&,Bass Drum,Hi-Hat (Open),,
a,,,,
267,Hi-Hat (Open),,,134
e,,,,
&,Bass Drum,Hi-Hat (Open),,
a,,,,
268,Snare Drum,Hi-Hat (Open),,
e,,,,
&,Hi-Hat (Open),,,
a,,,,
269,Bass Drum,Tom-tom,,135
e,,,,
&,Tom-tom,Snare Drum,,
a,,,,
270,Tom-tom,Snare Drum,,
e,,,,
&,Tom-tom,Snare Drum,,
a,,,,
271,Tom-tom,Snare Drum,,136
e,,,,
&,Tom-tom,Snare Drum,,
a,,,,
272,Tom-tom,Snare Drum,,
e,,,,
&,Tom-tom,Snare Drum,,
a,,,,
273,Tom-tom,Snare Drum,,137
e,,,,
&,Tom-tom,Snare Drum,,
a,,,,
274,Tom-tom,Snare Drum,,
e,,,,
&,Tom-tom,Snare Drum,,
a,,,,
275,Tom-tom,Snare Drum,,138
e,,,,
&,Tom-tom,Snare Drum,,
a,,,,
276,Snare Drum,Snare Drum,,
e,,,,
&,,,,
a,,,,
277,Bass Drum,Tom-tom,,139
e,,,,
&,Hi-Hat (Open),,,
a,,,,
278,Snare Drum,Hi-Hat (Open),,
e,,,,
&,Bass Drum,Tom-tom,,
a,,,,
279,Hi-Hat (Open),,,140
e,,,,
&,Bass Drum,Hi-Hat (Open),,
a,,,,
280,Snare Drum,Hi-Hat (Open),,
e,,,,
&,Hi-Hat (Open),,,
a,,,,
281,Bass Drum,Tom-tom,,141
e,,,,
&,Hi-Hat (Open),,,
a,,,,
282,Snare Drum,Hi-Hat (Open),,
e,,,,
&,Bass Drum,Hi-Hat (Open),,
a,,,,
283,Hi-Hat (Open),,,142
e,,,,
&,Bass Drum,Hi-Hat (Open),,
a,,,,
284,Snare Drum,Hi-Hat (Open),,
e,,,,
&,Hi-Hat (Open),,,
a,,,,
285,Bass Drum,Tom-tom,,143
e,,,,
&,Hi-Hat (Open),,,
a,,,,
286,Snare Drum,Hi-Hat (Open),,
e,,,,
&,Bass Drum,Hi-Hat (Open),,
a,,,,
287,Hi-Hat (Open),,,144
e,,,,
&,Bass Drum,Hi-Hat (Open),,
a,,,,
288,Snare Drum,Hi-Hat (Open),,
e,,,,
&,Hi-Hat (Open),,,
a,,,,
289,Bass Drum,Tom-tom,,145
e,,,,
&,Hi-Hat (Open),,,
a,,,,
290,Snare Drum,Hi-Hat (Open),,
e,,,,
&,Bass Drum,Hi-Hat (Open),,
a,,,,
291,Bass Drum,Tom-tom,,146
e,,,,
&,,,,
a,,,,
292,Bass Drum,Tom-tom,,
e,,,,
&,,,,
a,,,,
293,Bass Drum,Ghost Note,,147
e,,,,
&,Ghost Note,,,
a,,,,
294,Snare Drum,Ghost Note,,
e,,,,
&,Bass Drum,Ghost Note,,
a,,,,
295,Ghost Note,,,148
e,,,,
&,Ghost Note,,,
a,,,,
296,Snare Drum,Ghost Note,,
e,,,,
&,Ghost Note,,,
a,,,,
297,Bass Drum,Ghost Note,,149
e,,,,
&,Ghost Note,,,
a,,,,
298,Snare Drum,Ghost Note,,
e,,,,
&,Bass Drum,Ghost Note,,
a,,,,
299,Ghost Note,,,150
e,,,,
&,Ghost Note,,,
a,,,,
300,Snare Drum,Ghost Note,,
e,,,,
&,Ghost Note,,,
a,,,,
301,Bass Drum,Ghost Note,,151
e,,,,
&,Ghost Note,,,
a,,,,
302,Snare Drum,Ghost Note,,
e,,,,
&,Bass Drum,Ghost Note,,
a,,,,
303,Ghost Note,,,152
e,,,,
&,Ghost Note,,,
a,,,,
304,Snare Drum,Ghost Note,,
e,,,,
&,Ghost Note,,,
a,,,,
305,Ghost Note,,,153
e,,,,
&,Bass Drum,Ghost Note,,
a,,,,
306,Snare Drum,Ghost Note,,
e,,,,
&,Bass Drum,Ghost Note,,
a,,,,
307,Bass Drum,Ghost Note,,154
e,,,,
&,Ghost Note,,,
a,,,,
308,Snare Drum,Ghost Note,,
e,,,,
&,Ghost Note,,,
a,,,,
309,Bass Drum,Ghost Note,,155
e,,,,
&,Ghost Note,,,
a,,,,
310,Snare Drum,Ghost Note,,
e,,,,
&,Bass Drum,Ghost Note,,
a,,,,
311,Ghost Note,,,156
e,,,,
&,Ghost Note,,,
a,,,,
312,Snare Drum,Ghost Note,,
e,,,,
&,Ghost Note,,,
a,,,,
313,Bass Drum,Ghost Note,,157
e,,,,
&,Ghost Note,,,
a,,,,
314,Snare Drum,Ghost Note,,
e,,,,
&,Bass Drum,Ghost Note,,
a,,,,
315,Ghost Note,,,158
e,,,,
&,Ghost Note,,,
a,,,,
316,Snare Drum,Ghost Note,,
e,,,,
&,Ghost Note,,,
a,,,,
317,Bass Drum,Ghost Note,,159
e,,,,
&,Ghost Note,,,
a,,,,
318,Snare Drum,Ghost Note,,
e,,,,
&,Bass Drum,Ghost Note,,
a,,,,
319,Ghost Note,,,160
e,,,,
&,Ghost Note,,,
a,,,,
320,Snare Drum,Ghost Note,,
e,,,,
&,Ghost Note,,,
a,,,,
321,Ghost Note,,,161
e,,,,
&,Bass Drum,Ghost Note,,
a,,,,
322,Snare Drum,Ghost Note,,
e,,,,
&,Bass Drum,Ghost Note,,
a,,,,
323,Bass Drum,Ghost Note,,162
e,,,,
&,Ghost Note,,,
a,,,,
324,Snare Drum,Ghost Note,,
e,,,,
&,Snare Drum,Ghost Note,,
a,,,,
325,Bass Drum,Tom-tom,,163
e,,,,
&,Ghost Note,,,
a,,,,
326,Snare Drum,Ghost Note,,
e,,,,
&,Ghost Note,,,
a,,,,
327,Ghost Note,,,164
e,,,,
&,Bass Drum,Ghost Note,,
a,,,,
328,Snare Drum,Ghost Note,,
e,,,,
&,Ghost Note,,,
a,,,,
329,Bass Drum,Ghost Note,,165
e,,,,
&,Ghost Note,,,
a,,,,
330,Snare Drum,Ghost Note,,
e,,,,
&,Bass Drum,Ghost Note,,
a,,,,
331,Ghost Note,,,166
e,,,,
&,Bass Drum,Ghost Note,,
a,,,,
332,Snare Drum,Ghost Note,,
e,,,,
&,Bass Drum,Ghost Note,,
a,,,,
333,Snare Drum,Tom-tom,,167
e,,,,
&,Tom-tom,Snare Drum,,
a,,,,
334,Tom-tom,Snare Drum,,
e,,,,
&,Tom-tom,Snare Drum,,
a,,,,
335,Tom-tom,Snare Drum,,168
e,,,,
&,Tom-tom,Snare Drum,,
a,,,,
336,Tom-tom,Snare Drum,,
e,,,,
&,Tom-tom,Snare Drum,,
a,,,,
337,Tom-tom,Snare Drum,,169
e,,,,
&,Tom-tom,Snare Drum,,
a,,,,
338,Tom-tom,Snare Drum,,
e,,,,
&,Tom-tom,Snare Drum,,
a,,,,
339,Snare Drum,Snare Drum,,170
e,,,,
&,Bass Drum,,,
a,,,,
340,Snare Drum,Snare Drum,,
e,,,,
&,,,,
a,,,,
341,Bass Drum,Tom-tom,,171
e,,,,
&,Hi-Hat (Open),,,
a,,,,
342,Snare Drum,Hi-Hat (Open),,
e,,,,
&,Bass Drum,Tom-tom,,
a,,,,
343,Hi-Hat (Open),,,172
e,,,,
&,Bass Drum,Hi-Hat (Open),,
a,,,,
344,Snare Drum,Hi-Hat (Open),,
e,,,,
&,Hi-Hat (Open),,,
a,,,,
345,Bass Drum,Tom-tom,,173
e,,,,
&,Hi-Hat (Open),,,
a,,,,
346,Snare Drum,Hi-Hat (Open),,
e,,,,
&,Bass Drum,Tom-tom,,
a,,,,
347,Hi-Hat (Open),,,174
e,,,,
&,Bass Drum,Hi-Hat (Open),,
a,,,,
348,Snare Drum,Hi-Hat (Open),,
e,,,,
&,Hi-Hat (Open),,,
a,,,,
349,Bass Drum,Tom-tom,,175
e,,,,
&,Hi-Hat (Open),,,
a,,,,
350,Snare Drum,Hi-Hat (Open),,
e,,,,
&,Bass Drum,Tom-tom,,
a,,,,
351,Hi-Hat (Open),,,176
e,,,,
&,Bass Drum,Hi-Hat (Open),,
a,,,,
352,Snare Drum,Hi-Hat (Open),,
e,,,,
&,Hi-Hat (Open),,,
a,,,,
353,Bass Drum,Tom-tom,,177
e,,,,
&,Hi-Hat (Open),,,
a,,,,
354,Snare Drum,Hi-Hat (Open),,
e,,,,
&,Hi-Hat (Open),,,
a,,,,
355,Bass Drum,Tom-tom,,178
e,,,,
&,,,,
a,,,,
356,Bass Drum,Tom-tom,,
e,,,,
&,,,,
a,,,,
357,Bass Drum,Tom-tom,,179
e,,,,
&,Hi-Hat (Open),,,
a,,,,
358,Snare Drum,Hi-Hat (Open),,
e,,,,
&,Bass Drum,Tom-tom,,
a,,,,
359,Hi-Hat (Open),,,180
e,,,,
&,Bass Drum,Hi-Hat (Open),,
a,,,,
360,Snare Drum,Hi-Hat (Open),,
e,,,,
&,Hi-Hat (Open),,,
a,,,,
361,Bass Drum,Tom-tom,,181
e,,,,
&,Hi-Hat (Open),,,
a,,,,
362,Snare Drum,Hi-Hat (Open),,
e,,,,
&,Bass Drum,Tom-tom,,
a,,,,
363,Hi-Hat (Open),,,182
e,,,,
&,Bass Drum,Hi-Hat (Open),,
a,,,,
364,Snare Drum,Hi-Hat (Open),,
e,,,,
&,Hi-Hat (Open),,,
a,,,,
365,Bass Drum,Tom-tom,,183
e,,,,
&,Hi-Hat (Open),,,
a,,,,
366,Snare Drum,Hi-Hat (Open),,
e,,,,
&,Bass Drum,Tom-tom,,
a,,,,
367,Hi-Hat (Open),,,184
e,,,,
&,Bass Drum,Hi-Hat (Open),,
a,,,,
368,Snare Drum,Hi-Hat (Open),,
e,,,,
&,Hi-Hat (Open),,,
a,,,,
369,Bass Drum,Tom-tom,,185
e,,,,
&,Bass Drum,Tom-tom,,
a,,,,
370,,,,
e,Bass Drum,Tom-tom,,
&,,,,
a,,,,
371,Bass Drum,Tom-tom,,186
e,,,,
&,Bass Drum,Tom-tom,,
a,,,,
372,,,,
e,Bass Drum,Tom-tom,,
&,,,,
a,,,,
373,Bass Drum,Tom-tom,,187
e,,,,
&,Hi-Hat (Open),,,
a,,,,
374,Snare Drum,Hi-Hat (Open),,
e,,,,
&,Bass Drum,Tom-tom,,
a,,,,
375,Hi-Hat (Open),,,188
e,,,,
&,Bass Drum,Hi-Hat (Open),,
a,,,,
376,Snare Drum,Hi-Hat (Open),,
e,,,,
&,Hi-Hat (Open),,,
a,,,,
377,Bass Drum,Tom-tom,,189
e,,,,
&,Hi-Hat (Open),,,
a,,,,
378,Snare Drum,Hi-Hat (Open),,
e,,,,
&,Bass Drum,Tom-tom,,
a,,,,
379,Hi-Hat (Open),,,190
e,,,,
&,Bass Drum,Hi-Hat (Open),,
a,,,,
380,Snare Drum,Hi-Hat (Open),,
e,,,,
&,Hi-Hat (Open),,,
a,,,,
381,Bass Drum,Tom-tom,,191
e,,,,
&,,,,
a,,,,
382,Hi-Hat (Open),,,
e,,,,
&,,,,
a,,,,
383,Hi-Hat (Open),,,192
e,,,,
&,,,,
a,,,,
384,Hi-Hat (Open),,,
e,,,,
&,,,,
a,,,,
385,Bass Drum,Tom-tom,,193
e,,,,
&,,,,
a,,,,
386,Hi-Hat (Open),,,
e,,,,
&,,,,
a,,,,
387,Bass Drum,Tom-tom,,194
e,,,,
&,,,,
a,,,,
388,Hi-Hat (Open),,,
e,,,,
&,,,,
a,,,,
389,Bass Drum,Tom-tom,,195
e,,,,
&,,,,
a,,,,
390,,,,
e,,,,
&,,,,
a,,,,
391,,,,196
e,,,,
&,,,,
a,,,,
392,,,,
e,,,,
&,,,,
a,,,,
393,,,,197
e,,,,
&,,,,
a,,,,
394,,,,
e,,,,
&,,,,
a,,,,
395,,,,198
e,,,,
&,,,,
a,,,,
396,,,,
e,,,,
&,,,,
a,,,,
397,,,,199
e,,,,
&,,,,
a,,,,
398,,,,
e,,,,
&,,,,
a,,,,
399,,,,200
e,,,,
&,,,,
a,,,,
400,,,,
e,,,,
&,,,,
a,,,,
401,,,,201
e,,,,
&,,,,
a,,,,
402,,,,
,,,,
,,,,
,,,,
,,,,202
