Count,Instrument 1,Instrument 2,Section,
1,,,Intro 1,1
e,,,Intro 1,
&,,,Intro 1,
a,,,Intro 1,
2,,,Intro 1,
e,,,Intro 1,
&,,,Intro 1,
a,,,Intro 1,
3,,,Intro 1,2
e,,,Intro 1,
&,,,Intro 1,
a,,,Intro 1,
4,,,Intro 1,
e,,,Intro 1,
&,,,Intro 1,
a,,,Intro 1,
5,,,Intro 1,3
e,,,Intro 1,
&,,,Intro 1,
a,,,Intro 1,
6,,,Intro 1,
e,,,Intro 1,
&,,,Intro 1,
a,,,Intro 1,
7,,,Intro 1,4
e,,,Intro 1,
&,,,Intro 1,
a,,,Intro 1,
8,,,Intro 1,
e,,,Intro 1,
&,,,Intro 1,
a,,,Intro 1,
9,,,Intro 1,5
e,,,Intro 1,
&,,,Intro 1,
a,,,Intro 1,
10,,,Intro 1,
e,,,Intro 1,
&,,,Intro 1,
a,,,Intro 1,
11,,,Intro 1,6
e,,,Intro 1,
&,,,Intro 1,
a,,,Intro 1,
12,,,Intro 1,
e,,,Intro 1,
&,,,Intro 1,
a,,,Intro 1,
13,,,Intro 1,7
e,,,Intro 1,
&,,,Intro 1,
a,,,Intro 1,
14,,,Intro 1,
e,,,Intro 1,
&,,,Intro 1,
a,,,Intro 1,
15,,,Intro 1,8
e,,,Intro 1,
&,,,Intro 1,
a,,,Intro 1,
16,,,Intro 1,
e,,,Intro 1,
&,,,Intro 1,
a,,,Intro 1,
17,,,Intro 2,9
e,,,Intro 2,
&,,,Intro 2,
a,,,Intro 2,
18,,,Intro 2,
e,,,Intro 2,
&,,,Intro 2,
a,,,Intro 2,
19,,,Intro 2,10
e,,,Intro 2,
&,,,Intro 2,
a,,,Intro 2,
20,,,Intro 2,
e,,,Intro 2,
&,,,Intro 2,
a,,,Intro 2,
21,,,Intro 2,11
e,,,Intro 2,
&,,,Intro 2,
a,,,Intro 2,
22,,,Intro 2,
e,,,Intro 2,
&,,,Intro 2,
a,,,Intro 2,
23,,,Intro 2,12
e,,,Intro 2,
&,,,Intro 2,
a,,,Intro 2,
24,,,Intro 2,
e,,,Intro 2,
&,,,Intro 2,
a,,,Intro 2,
25,,,Intro 2,13
e,,,Intro 2,
&,,,Intro 2,
a,,,Intro 2,
26,,,Intro 2,
e,,,Intro 2,
&,,,Intro 2,
a,,,Intro 2,
27,,,Intro 2,14
e,,,Intro 2,
&,,,Intro 2,
a,,,Intro 2,
28,,,Intro 2,
e,,,Intro 2,
&,,,Intro 2,
a,,,Intro 2,
29,,,Intro 2,15
e,,,Intro 2,
&,,,Intro 2,
a,,,Intro 2,
30,,,Intro 2,
e,,,Intro 2,
&,,,Intro 2,
a,,,Intro 2,
31,,,Intro 2,16
e,,,Intro 2,
&,,,Intro 2,
a,,,Intro 2,
32,,,Intro 2,
e,,,Intro 2,
&,,,Intro 2,
a,,,Intro 2,
33,Crash Cymbal,Bass Drum,Intro 2,17
e,,,Intro 2,
&,,,Intro 2,
a,,,Intro 2,
34,,,Intro 2,
e,,,Intro 2,
&,,,Intro 2,
a,,,Intro 2,
35,,,Intro 2,18
e,,,Intro 2,
&,,,Intro 2,
a,,,Intro 2,
36,,,Intro 2,
e,,,Intro 2,
&,Ride Cymbal,Hi-Hat (Open),Intro 2,
a,Ride Cymbal,Hi-Hat (Open),Intro 2,
37,Ride Cymbal,Hi-Hat (Open),Intro 3,19
e,,,Intro 3,
&,,,Intro 3,
a,,,Intro 3,
38,,,Intro 3,
e,,,Intro 3,
&,,,Intro 3,
a,,,Intro 3,
39,,,Intro 3,20
e,,,Intro 3,
&,,,Intro 3,
a,,,Intro 3,
40,,,Intro 3,
e,,,Intro 3,
&,,,Intro 3,
a,,,Intro 3,
41,Crash Cymbal,Bass Drum,Intro 3,21
e,,,Intro 3,
&,,,Intro 3,
a,,,Intro 3,
42,,,Intro 3,
e,,,Intro 3,
&,,,Intro 3,
a,,,Intro 3,
43,,,Intro 3,22
e,,,Intro 3,
&,,,Intro 3,
a,,,Intro 3,
44,,,Intro 3,
e,,,Intro 3,
&,Ride Cymbal,Hi-Hat (Open),Intro 3,
a,Ride Cymbal,Hi-Hat (Open),Intro 3,
45,Ride Cymbal,Hi-Hat (Open),Intro 3,23
e,,,Intro 3,
&,,,Intro 3,
a,,,Intro 3,
46,,,Intro 3,
e,,,Intro 3,
&,,,Intro 3,
a,,,Intro 3,
47,,,Intro 3,24
e,,,Intro 3,
&,,,Intro 3,
a,,,Intro 3,
48,,,Intro 3,
e,,,Intro 3,
&,,,Intro 3,
a,,,Intro 3,
49,Crash Cymbal,Bass Drum,Intro 3,25
e,,,Intro 3,
&,,,Intro 3,
a,,,Intro 3,
50,,,Intro 3,
e,,,Intro 3,
&,,,Intro 3,
a,,,Intro 3,
51,,,Intro 3,26
e,,,Intro 3,
&,,,Intro 3,
a,,,Intro 3,
52,,,Intro 3,
e,,,Intro 3,
&,Ride Cymbal,Hi-Hat (Open),Intro 3,
a,Ride Cymbal,Hi-Hat (Open),Intro 3,
53,Ride Cymbal,Hi-Hat (Open),Intro 3,27
e,,,Intro 3,
&,,,Intro 3,
a,,,Intro 3,
54,,,Intro 3,
e,,,Intro 3,
&,,,Intro 3,
a,,,Intro 3,
55,,,Intro 3,28
e,,,Intro 3,
&,,,Intro 3,
a,,,Intro 3,
56,,,Intro 3,
e,,,Intro 3,
&,,,Intro 3,
a,,,Intro 3,
57,Bass Drum,Crash Cymbal,Intro 3,29
e,,,Intro 3,
&,Tom-tom,Snare Drum,Intro 3,
a,,,Intro 3,
58,Tom-tom,Snare Drum,Intro 3,
e,,,Intro 3,
&,Tom-tom,Snare Drum,Intro 3,
a,,,Intro 3,
59,Tom-tom,Snare Drum,Intro 3,30
e,,,Intro 3,
&,Tom-tom,Snare Drum,Intro 3,
a,,,Intro 3,
60,Tom-tom,Snare Drum,Intro 3,
e,,,Intro 3,
&,Tom-tom,Snare Drum,Intro 3,
a,,,Intro 3,
61,Tom-tom,Snare Drum,Intro 3,31
e,,,Intro 3,
&,Tom-tom,Snare Drum,Intro 3,
a,,,Intro 3,
62,Tom-tom,Snare Drum,Intro 3,
e,,,Intro 3,
&,Tom-tom,Snare Drum,Intro 3,
a,,,Intro 3,
63,Tom-tom,Snare Drum,Intro 3,32
e,,,Intro 3,
&,Bass Drum,,Intro 3,
a,,,Intro 3,
64,Tom-tom,Snare Drum,Intro 3,
e,,,Intro 3,
&,,,Intro 3,
a,,,Intro 3,
65,Bass Drum,Tom-tom,Intro 3,33
e,,,Intro 3,
&,Hi-Hat (Open),,Intro 3,
a,,,Intro 3,
66,Snare Drum,Hi-Hat (Open),Intro 3,
e,,,Intro 3,
&,Bass Drum,Hi-Hat (Open),Intro 3,
a,,,Intro 3,
67,Bass Drum,Hi-Hat (Open),Intro 3,34
e,,,Intro 3,
&,Hi-Hat (Open),,Intro 3,
a,,,Intro 3,
68,Snare Drum,Hi-Hat (Open),Intro 3,
e,,,Intro 3,
&,Bass Drum,Hi-Hat (Open),Intro 3,
a,,,Intro 3,
69,Bass Drum,Hi-Hat (Open),Intro 3,35
e,,,Intro 3,
&,Hi-Hat (Open),,Intro 3,
a,,,Intro 3,
70,Snare Drum,Hi-Hat (Open),Intro 3,
e,,,Intro 3,
&,Bass Drum,Hi-Hat (Open),Intro 3,
a,,,Intro 3,
71,Bass Drum,Hi-Hat (Open),Verse 1,36
e,,,Verse 1,
&,Hi-Hat (Open),,Verse 1,
a,,,Verse 1,
72,Snare Drum,Hi-Hat (Open),Verse 1,
e,,,Verse 1,
&,Bass Drum,Hi-Hat (Open),Verse 1,
a,,,Verse 1,
73,Bass Drum,Hi-Hat (Open),Verse 1,37
e,,,Verse 1,
&,Hi-Hat (Open),,Verse 1,
a,,,Verse 1,
74,Snare Drum,Hi-Hat (Open),Verse 1,
e,,,Verse 1,
&,Bass Drum,Hi-Hat (Open),Verse 1,
a,,,Verse 1,
75,Bass Drum,Hi-Hat (Open),Verse 1,38
e,,,Verse 1,
&,Hi-Hat (Open),,Verse 1,
a,,,Verse 1,
76,Snare Drum,Hi-Hat (Open),Verse 1,
e,,,Verse 1,
&,Bass Drum,Hi-Hat (Open),Verse 1,
a,,,Verse 1,
77,Bass Drum,Hi-Hat (Open),Verse 1,39
e,,,Verse 1,
&,Hi-Hat (Open),,Verse 1,
a,,,Verse 1,
78,Snare Drum,Hi-Hat (Open),Verse 1,
e,,,Verse 1,
&,Bass Drum,Hi-Hat (Open),Verse 1,
a,,,Verse 1,
79,Bass Drum,Hi-Hat (Open),Verse 1,40
e,,,Verse 1,
&,Hi-Hat (Open),,Verse 1,
a,,,Verse 1,
80,Snare Drum,Hi-Hat (Open),Verse 1,
e,,,Verse 1,
&,Bass Drum,Hi-Hat (Open),Verse 1,
a,,,Verse 1,
81,Bass Drum,Hi-Hat (Open),Verse 1,41
e,,,Verse 1,
&,Hi-Hat (Open),,Verse 1,
a,,,Verse 1,
82,Snare Drum,Hi-Hat (Open),Verse 1,
e,,,Verse 1,
&,Bass Drum,Hi-Hat (Open),Verse 1,
a,,,Verse 1,
83,Bass Drum,Hi-Hat (Open),Verse 1,42
e,,,Verse 1,
&,Hi-Hat (Open),,Verse 1,
a,,,Verse 1,
84,Snare Drum,Hi-Hat (Open),Verse 1,
e,,,Verse 1,
&,Bass Drum,Hi-Hat (Open),Verse 1,
a,,,Verse 1,
85,Bass Drum,Hi-Hat (Open),Verse 1,43
e,,,Verse 1,
&,Snare Drum,Tom-tom,Verse 1,
a,,,Verse 1,
86,Hi-Hat (Open),,Verse 1,
e,,,Verse 1,
&,Bass Drum,Hi-Hat (Open),Verse 1,
a,,,Verse 1,
87,Snare Drum,Tom-tom,Verse 1,44
e,,,Verse 1,
&,Bass Drum,,Verse 1,
a,,,Verse 1,
88,Snare Drum,Tom-tom,Verse 1,
e,,,Verse 1,
&,Bass Drum,,Verse 1,
a,,,Verse 1,
89,Bass Drum,Ghost Note,Verse 1,45
e,,,Verse 1,
&,Ghost Note,,Verse 1,
a,,,Verse 1,
90,Snare Drum,Ghost Note,Verse 1,
e,,,Verse 1,
&,Bass Drum,Ghost Note,Verse 1,
a,,,Verse 1,
91,Bass Drum,Ghost Note,Verse 1,46
e,,,Verse 1,
&,Ghost Note,,Verse 1,
a,,,Verse 1,
92,Snare Drum,Ghost Note,Verse 1,
e,,,Verse 1,
&,Bass Drum,Ghost Note,Verse 1,
a,,,Verse 1,
93,Bass Drum,Ghost Note,Verse 1,47
e,,,Verse 1,
&,Ghost Note,,Verse 1,
a,,,Verse 1,
94,Snare Drum,Ghost Note,Verse 1,
e,,,Verse 1,
&,Bass Drum,Ghost Note,Verse 1,
a,,,Verse 1,
95,Bass Drum,Ghost Note,Verse 1,48
e,,,Verse 1,
&,Ghost Note,,Verse 1,
a,,,Verse 1,
96,Snare Drum,Ghost Note,Verse 1,
e,,,Verse 1,
&,Bass Drum,Ghost Note,Verse 1,
a,,,Verse 1,
97,Bass Drum,Ghost Note,Verse 1,49
e,,,Verse 1,
&,Ghost Note,,Verse 1,
a,,,Verse 1,
98,Snare Drum,Ghost Note,Verse 1,
e,,,Verse 1,
&,Bass Drum,Ghost Note,Verse 1,
a,,,Verse 1,
99,Bass Drum,Ghost Note,Verse 1,50
e,,,Verse 1,
&,Ghost Note,,Verse 1,
a,,,Verse 1,
100,Snare Drum,Ghost Note,Verse 1,
e,,,Verse 1,
&,Bass Drum,Ghost Note,Verse 1,
a,,,Verse 1,
101,Bass Drum,Ghost Note,Verse 1,51
e,,,Verse 1,
&,Ghost Note,,Verse 1,
a,,,Verse 1,
102,Snare Drum,Ghost Note,Verse 1,
e,,,Verse 1,
&,Bass Drum,Ghost Note,Verse 1,
a,,,Verse 1,
103,Bass Drum,Ghost Note,Chorus,52
e,,,Chorus,
&,Bass Drum,Ghost Note,Chorus,
a,,,Chorus,
104,Snare Drum,Ghost Note,Chorus,
e,,,Chorus,
&,Bass Drum,Ghost Note,Chorus,
a,,,Chorus,
105,Bass Drum,Ghost Note,Chorus,53
e,,,Chorus,
&,Ghost Note,,Chorus,
a,,,Chorus,
106,Snare Drum,Ghost Note,Chorus,
e,,,Chorus,
&,Bass Drum,Ghost Note,Chorus,
a,,,Chorus,
107,Bass Drum,Ghost Note,Chorus,54
e,,,Chorus,
&,Ghost Note,,Chorus,
a,,,Chorus,
108,Snare Drum,Ghost Note,Chorus,
e,,,Chorus,
&,Bass Drum,Ghost Note,Chorus,
a,,,Chorus,
109,Bass Drum,Ghost Note,Chorus,55
e,,,Chorus,
&,Ghost Note,,Chorus,
a,,,Chorus,
110,Snare Drum,Ghost Note,Chorus,
e,,,Chorus,
&,Bass Drum,Ghost Note,Chorus,
a,,,Chorus,
111,Bass Drum,Ghost Note,Chorus,56
e,,,Chorus,
&,Ghost Note,,Chorus,
a,,,Chorus,
112,Snare Drum,Ghost Note,Chorus,
e,,,Chorus,
&,Bass Drum,Ghost Note,Chorus,
a,,,Chorus,
113,Bass Drum,Ghost Note,Chorus,57
e,,,Chorus,
&,Ghost Note,,Chorus,
a,,,Chorus,
114,Snare Drum,Ghost Note,Chorus,
e,,,Chorus,
&,Bass Drum,Ghost Note,Chorus,
a,,,Chorus,
115,Bass Drum,Ghost Note,Chorus,58
e,,,Chorus,
&,Ghost Note,,Chorus,
a,,,Chorus,
116,Snare Drum,Ghost Note,Chorus,
e,,,Chorus,
&,Bass Drum,Ghost Note,Chorus,
a,,,Chorus,
117,Bass Drum,Ghost Note,Chorus,59
e,,,Chorus,
&,Snare Drum,Tom-tom,Chorus,
a,,,Chorus,
118,Ghost Note,,Chorus,
e,,,Chorus,
&,Bass Drum,Ghost Note,Chorus,
a,,,Chorus,
119,Snare Drum,Tom-tom,Chorus,60
e,,,Chorus,
&,Bass Drum,,Chorus,
a,,,Chorus,
120,Snare Drum,Tom-tom,Chorus,
e,,,Chorus,
&,Bass Drum,,Chorus,
a,,,Chorus,
121,Bass Drum,Tom-tom,,61
e,,,,
&,Hi-Hat (Open),,,
a,,,,
122,Snare Drum,Hi-Hat (Open),,
e,,,,
&,Bass Drum,Tom-tom,,
a,,,,
123,Hi-Hat (Open),,,62
e,,,,
&,Bass Drum,Hi-Hat (Open),,
a,,,,
124,Snare Drum,Hi-Hat (Open),,
e,,,,
&,Hi-Hat (Open),,,
a,,,,
125,Bass Drum,Tom-tom,,63
e,,,,
&,Hi-Hat (Open),,,
a,,,,
126,Snare Drum,Hi-Hat (Open),,
e,,,,
&,Bass Drum,Tom-tom,,
a,,,,
127,Hi-Hat (Open),,,64
e,,,,
&,Bass Drum,Hi-Hat (Open),,
a,,,,
128,Snare Drum,Hi-Hat (Open),,
e,,,,
&,Bass Drum,Hi-Hat (Open),,
a,,,,
129,Bass Drum,Tom-tom,,65
e,,,,
&,Hi-Hat (Open),,,
a,,,,
130,Snare Drum,Hi-Hat (Open),,
e,,,,
&,Bass Drum,Hi-Hat (Open),,
a,,,,
131,Bass Drum,Hi-Hat (Open),,66
e,,,,
&,Hi-Hat (Open),,,
a,,,,
132,Snare Drum,Hi-Hat (Open),,
e,,,,
&,Bass Drum,Hi-Hat (Open),,
a,,,,
133,Bass Drum,Hi-Hat (Open),,67
e,,,,
&,Hi-Hat (Open),,,
a,,,,
134,Snare Drum,Hi-Hat (Open),,
e,,,,
&,Bass Drum,Hi-Hat (Open),,
a,,,,
135,Bass Drum,Hi-Hat (Open),,68
e,,,,
&,Hi-Hat (Open),,,
a,,,,
136,Snare Drum,Hi-Hat (Open),,
e,,,,
&,Bass Drum,Hi-Hat (Open),,
a,,,,
137,Bass Drum,Hi-Hat (Open),,69
e,,,,
&,Hi-Hat (Open),,,
a,,,,
138,Snare Drum,Hi-Hat (Open),,
e,,,,
&,Bass Drum,Hi-Hat (Open),,
a,,,,
139,Bass Drum,Hi-Hat (Open),,70
e,,,,
&,Snare Drum,Tom-tom,,
a,,,,
140,Snare Drum,Tom-tom,,
e,,,,
&,,,,
a,,,,
141,Bass Drum,Tom-tom,,71
e,,,,
&,Hi-Hat (Open),,,
a,,,,
142,Snare Drum,Hi-Hat (Open),,
e,,,,
&,Bass Drum,Hi-Hat (Open),,
a,,,,
143,Bass Drum,Hi-Hat (Open),,72
e,,,,
&,Hi-Hat (Open),,,
a,,,,
144,Snare Drum,Hi-Hat (Open),,
e,,,,
&,Bass Drum,Hi-Hat (Open),,
a,,,,
145,Bass Drum,Hi-Hat (Open),,73
e,,,,
&,Hi-Hat (Open),,,
a,,,,
146,Snare Drum,Hi-Hat (Open),,
e,,,,
&,Bass Drum,Hi-Hat (Open),,
a,,,,
147,Bass Drum,Hi-Hat (Open),,74
e,,,,
&,Hi-Hat (Open),,,
a,,,,
148,Hi-Hat (Open),,,
e,,,,
&,Bass Drum,Hi-Hat (Open),,
a,,,,
149,Bass Drum,Hi-Hat (Open),,75
e,,,,
&,Hi-Hat (Open),,,
a,,,,
150,Snare Drum,Hi-Hat (Open),,
e,,,,
&,Bass Drum,Hi-Hat (Open),,
a,,,,
151,Bass Drum,Hi-Hat (Open),,76
e,,,,
&,Hi-Hat (Open),,,
a,,,,
152,Hi-Hat (Open),,,
e,,,,
&,Bass Drum,Hi-Hat (Open),,
a,,,,
153,Bass Drum,Hi-Hat (Open),,77
e,,,,
&,Hi-Hat (Open),,,
a,,,,
154,Snare Drum,Hi-Hat (Open),,
e,,,,
&,Bass Drum,Hi-Hat (Open),,
a,,,,
155,Bass Drum,Hi-Hat (Open),,78
e,,,,
&,Hi-Hat (Open),,,
a,,,,
156,Hi-Hat (Open),,,
e,,,,
&,Bass Drum,Hi-Hat (Open),,
a,,,,
157,Bass Drum,Hi-Hat (Open),,79
e,,,,
&,Hi-Hat (Open),,,
a,,,,
158,Snare Drum,Hi-Hat (Open),,
e,,,,
&,Bass Drum,Hi-Hat (Open),,
a,,,,
159,Bass Drum,Hi-Hat (Open),,80
e,,,,
&,Hi-Hat (Open),,,
a,,,,
160,Hi-Hat (Open),,,
e,,,,
&,Bass Drum,Hi-Hat (Open),,
a,,,,
161,Bass Drum,Hi-Hat (Open),,81
e,,,,
&,Hi-Hat (Open),,,
a,,,,
162,Snare Drum,Hi-Hat (Open),,
e,,,,
&,Bass Drum,Hi-Hat (Open),,
a,,,,
163,Bass Drum,Hi-Hat (Open),,82
e,,,,
&,Hi-Hat (Open),,,
a,,,,
164,Hi-Hat (Open),,,
e,,,,
&,Bass Drum,Hi-Hat (Open),,
a,,,,
165,Bass Drum,Hi-Hat (Open),,83
e,,,,
&,Hi-Hat (Open),,,
a,,,,
166,Snare Drum,Hi-Hat (Open),,
e,,,,
&,Bass Drum,Hi-Hat (Open),,
a,,,,
167,Bass Drum,Hi-Hat (Open),,84
e,,,,
&,Hi-Hat (Open),,,
a,,,,
168,Hi-Hat (Open),,,
e,,,,
&,Bass Drum,Hi-Hat (Open),,
a,,,,
169,Bass Drum,Hi-Hat (Open),,85
e,,,,
&,Snare Drum,Tom-tom,,
a,,,,
170,Hi-Hat (Open),,,
e,,,,
&,Bass Drum,Hi-Hat (Open),,
a,,,,
171,Snare Drum,Tom-tom,,86
e,,,,
&,Bass Drum,,,
a,,,,
172,Snare Drum,Tom-tom,,
e,,,,
&,,,,
a,,,,
173,Bass Drum,Ghost Note,,87
e,,,,
&,Ghost Note,,,
a,,,,
174,Snare Drum,Ghost Note,,
e,,,,
&,Bass Drum,Ghost Note,,
a,,,,
175,Bass Drum,Ghost Note,,88
e,,,,
&,Ghost Note,,,
a,,,,
176,Snare Drum,Ghost Note,,
e,,,,
&,Bass Drum,Ghost Note,,
a,,,,
177,Bass Drum,Ghost Note,,89
e,,,,
&,Ghost Note,,,
a,,,,
178,Snare Drum,Ghost Note,,
e,,,,
&,Bass Drum,Ghost Note,,
a,,,,
179,Bass Drum,Ghost Note,,90
e,,,,
&,Ghost Note,,,
a,,,,
180,Snare Drum,Ghost Note,,
e,,,,
&,Bass Drum,Ghost Note,,
a,,,,
181,Bass Drum,Ghost Note,,91
e,,,,
&,Ghost Note,,,
a,,,,
182,Snare Drum,Ghost Note,,
e,,,,
&,Bass Drum,Ghost Note,,
a,,,,
183,Bass Drum,Ghost Note,,92
e,,,,
&,Ghost Note,,,
a,,,,
184,Snare Drum,Ghost Note,,
e,,,,
&,Bass Drum,Ghost Note,,
a,,,,
185,Bass Drum,Ghost Note,,93
e,,,,
&,Ghost Note,,,
a,,,,
186,Snare Drum,Ghost Note,,
e,,,,
&,Bass Drum,Ghost Note,,
a,,,,
187,Bass Drum,Ghost Note,,94
e,,,,
&,Bass Drum,Ghost Note,,
a,,,,
188,Snare Drum,Ghost Note,,
e,,,,
&,Bass Drum,Ghost Note,,
a,,,,
189,Bass Drum,Ghost Note,,95
e,,,,
&,Ghost Note,,,
a,,,,
190,Snare Drum,Ghost Note,,
e,,,,
&,Bass Drum,Ghost Note,,
a,,,,
191,Bass Drum,Ghost Note,,96
e,,,,
&,Ghost Note,,,
a,,,,
192,Snare Drum,Ghost Note,,
e,,,,
&,Bass Drum,Ghost Note,,
a,,,,
193,Bass Drum,Ghost Note,,97
e,,,,
&,Ghost Note,,,
a,,,,
194,Snare Drum,Ghost Note,,
e,,,,
&,Bass Drum,Ghost Note,,
a,,,,
195,Bass Drum,Ghost Note,,98
e,,,,
&,Ghost Note,,,
a,,,,
196,Snare Drum,Ghost Note,,
e,,,,
&,Bass Drum,Ghost Note,,
a,,,,
197,Bass Drum,Ghost Note,,99
e,,,,
&,Ghost Note,,,
a,,,,
198,Snare Drum,Ghost Note,,
e,,,,
&,Bass Drum,Ghost Note,,
a,,,,
199,Bass Drum,Ghost Note,,100
e,,,,
&,Ghost Note,,,
a,,,,
200,Snare Drum,Ghost Note,,
e,,,,
&,Bass Drum,Ghost Note,,
a,,,,
201,Bass Drum,Ghost Note,,101
e,,,,
&,Snare Drum,Tom-tom,,
a,,,,
202,Ghost Note,,,
e,,,,
&,Bass Drum,Ghost Note,,
a,,,,
203,Snare Drum,Tom-tom,,102
e,,,,
&,Bass Drum,,,
a,,,,
204,Snare Drum,Tom-tom,,
e,,,,
&,Bass Drum,,,
a,,,,
205,Bass Drum,Tom-tom,,103
e,,,,
&,Hi-Hat (Open),,,
a,,,,
206,Snare Drum,Hi-Hat (Open),,
e,,,,
&,Bass Drum,Tom-tom,,
a,,,,
207,Hi-Hat (Open),,,104
e,,,,
&,Bass Drum,Hi-Hat (Open),,
a,,,,
208,Snare Drum,Hi-Hat (Open),,
e,,,,
&,Hi-Hat (Open),,,
a,,,,
209,Bass Drum,Tom-tom,,105
e,,,,
&,Hi-Hat (Open),,,
a,,,,
210,Snare Drum,Hi-Hat (Open),,
e,,,,
&,Bass Drum,Tom-tom,,
a,,,,
211,Hi-Hat (Open),,,106
e,,,,
&,Bass Drum,Hi-Hat (Open),,
a,,,,
212,Snare Drum,Hi-Hat (Open),,
e,,,,
&,Bass Drum,Hi-Hat (Open),,
a,,,,
213,Bass Drum,Tom-tom,,107
e,,,,
&,Hi-Hat (Open),,,
a,,,,
214,Snare Drum,Hi-Hat (Open),,
e,,,,
&,Bass Drum,Hi-Hat (Open),,
a,,,,
215,Bass Drum,Hi-Hat (Open),,108
e,,,,
&,Hi-Hat (Open),,,
a,,,,
216,Snare Drum,Hi-Hat (Open),,
e,,,,
&,Bass Drum,Hi-Hat (Open),,
a,,,,
217,Bass Drum,Hi-Hat (Open),,109
e,,,,
&,Hi-Hat (Open),,,
a,,,,
218,Snare Drum,Hi-Hat (Open),,
e,,,,
&,Bass Drum,Hi-Hat (Open),,
a,,,,
219,Bass Drum,Hi-Hat (Open),,110
e,,,,
&,Hi-Hat (Open),,,
a,,,,
220,Snare Drum,Hi-Hat (Open),,
e,,,,
&,Bass Drum,Hi-Hat (Open),,
a,,,,
221,Bass Drum,Hi-Hat (Open),,111
e,,,,
&,Hi-Hat (Open),,,
a,,,,
222,Snare Drum,Hi-Hat (Open),,
e,,,,
&,Bass Drum,Hi-Hat (Open),,
a,,,,
223,Bass Drum,Hi-Hat (Open),,112
e,,,,
&,Snare Drum,Tom-tom,,
a,,,,
224,Snare Drum,Tom-tom,,
e,,,,
&,,,,
a,,,,
225,Bass Drum,Tom-tom,,113
e,,,,
&,Hi-Hat (Open),,,
a,,,,
226,Snare Drum,Hi-Hat (Open),,
e,,,,
&,Bass Drum,Hi-Hat (Open),,
a,,,,
227,Bass Drum,Hi-Hat (Open),,114
e,,,,
&,Hi-Hat (Open),,,
a,,,,
228,Snare Drum,Hi-Hat (Open),,
e,,,,
&,Bass Drum,Hi-Hat (Open),,
a,,,,
229,Bass Drum,Hi-Hat (Open),,115
e,,,,
&,Hi-Hat (Open),,,
a,,,,
230,Snare Drum,Hi-Hat (Open),,
e,,,,
&,Bass Drum,Hi-Hat (Open),,
a,,,,
231,Bass Drum,Hi-Hat (Open),,116
e,,,,
&,Hi-Hat (Open),,,
a,,,,
232,Hi-Hat (Open),,,
e,,,,
&,Bass Drum,Hi-Hat (Open),,
a,,,,
233,Bass Drum,Hi-Hat (Open),,117
e,,,,
&,Hi-Hat (Open),,,
a,,,,
234,Snare Drum,Hi-Hat (Open),,
e,,,,
&,Bass Drum,Hi-Hat (Open),,
a,,,,
235,Bass Drum,Hi-Hat (Open),,118
e,,,,
&,Hi-Hat (Open),,,
a,,,,
236,Hi-Hat (Open),,,
e,,,,
&,Bass Drum,Hi-Hat (Open),,
a,,,,
237,Bass Drum,Hi-Hat (Open),,119
e,,,,
&,Hi-Hat (Open),,,
a,,,,
238,Snare Drum,Hi-Hat (Open),,
e,,,,
&,Bass Drum,Hi-Hat (Open),,
a,,,,
239,Bass Drum,Hi-Hat (Open),,120
e,,,,
&,Hi-Hat (Open),,,
a,,,,
240,Hi-Hat (Open),,,
e,,,,
&,Bass Drum,Hi-Hat (Open),,
a,,,,
241,Bass Drum,Hi-Hat (Open),,121
e,,,,
&,Hi-Hat (Open),,,
a,,,,
242,Snare Drum,Hi-Hat (Open),,
e,,,,
&,Bass Drum,Hi-Hat (Open),,
a,,,,
243,Bass Drum,Hi-Hat (Open),,122
e,,,,
&,Hi-Hat (Open),,,
a,,,,
244,Hi-Hat (Open),,,
e,,,,
&,Bass Drum,Hi-Hat (Open),,
a,,,,
245,Bass Drum,Hi-Hat (Open),,123
e,,,,
&,Hi-Hat (Open),,,
a,,,,
246,Snare Drum,Hi-Hat (Open),,
e,,,,
&,Bass Drum,Hi-Hat (Open),,
a,,,,
247,Bass Drum,Hi-Hat (Open),,124
e,,,,
&,Hi-Hat (Open),,,
a,,,,
248,Hi-Hat (Open),,,
e,,,,
&,Bass Drum,Hi-Hat (Open),,
a,,,,
249,Bass Drum,Hi-Hat (Open),,125
e,,,,
&,Hi-Hat (Open),,,
a,,,,
250,Snare Drum,Hi-Hat (Open),,
e,,,,
&,Bass Drum,Hi-Hat (Open),,
a,,,,
251,Bass Drum,Hi-Hat (Open),,126
e,,,,
&,Hi-Hat (Open),,,
a,,,,
252,Hi-Hat (Open),,,
e,,,,
&,Bass Drum,Hi-Hat (Open),,
a,,,,
253,Bass Drum,Hi-Hat (Open),,127
e,,,,
&,Snare Drum,Tom-tom,,
a,,,,
254,Hi-Hat (Open),,,
e,,,,
&,Bass Drum,Hi-Hat (Open),,
a,,,,
255,Snare Drum,Tom-tom,,128
e,,,,
&,Bass Drum,,,
a,,,,
256,Snare Drum,Tom-tom,,
e,,,,
&,,,,
a,,,,
257,Bass Drum,Tom-tom,,129
e,,,,
&,Hi-Hat (Open),,,
a,,,,
258,Snare Drum,Hi-Hat (Open),,
e,,,,
&,Bass Drum,Tom-tom,,
a,,,,
259,Hi-Hat (Open),,,130
e,,,,
&,Bass Drum,Hi-Hat (Open),,
a,,,,
260,Snare Drum,Hi-Hat (Open),,
e,,,,
&,Hi-Hat (Open),,,
a,,,,
261,Bass Drum,Tom-tom,,131
e,,,,
&,Hi-Hat (Open),,,
a,,,,
262,Snare Drum,Hi-Hat (Open),,
e,,,,
&,Bass Drum,Tom-tom,,
a,,,,
263,Hi-Hat (Open),,,132
e,,,,
&,Bass Drum,Hi-Hat (Open),,
a,,,,
264,Snare Drum,Hi-Hat (Open),,
e,,,,
&,Bass Drum,Hi-Hat (Open),,
a,,,,
265,Bass Drum,Tom-tom,,133
e,,,,
&,Hi-Hat (Open),,,
a,,,,
266,Snare Drum,Hi-Hat (Open),,
e,,,,
&,Bass Drum,Hi-Hat (Open),,
a,,,,
267,Bass Drum,Hi-Hat (Open),,134
e,,,,
&,Hi-Hat (Open),,,
a,,,,
268,Snare Drum,Hi-Hat (Open),,
e,,,,
&,Bass Drum,Hi-Hat (Open),,
a,,,,
269,Bass Drum,Hi-Hat (Open),,135
e,,,,
&,Hi-Hat (Open),,,
a,,,,
270,Snare Drum,Hi-Hat (Open),,
e,,,,
&,Bass Drum,Hi-Hat (Open),,
a,,,,
271,Bass Drum,Hi-Hat (Open),,136
e,,,,
&,Hi-Hat (Open),,,
a,,,,
272,Snare Drum,Hi-Hat (Open),,
e,,,,
&,Bass Drum,Hi-Hat (Open),,
a,,,,
273,Bass Drum,Tom-tom,,137
e,,,,
&,Hi-Hat (Open),,,
a,,,,
274,Snare Drum,Hi-Hat (Open),,
e,,,,
&,Bass Drum,Tom-tom,,
a,,,,
275,Hi-Hat (Open),,,138
e,,,,
&,Bass Drum,Hi-Hat (Open),,
a,,,,
276,Snare Drum,Hi-Hat (Open),,
e,,,,
&,Hi-Hat (Open),,,
a,,,,
277,Bass Drum,Tom-tom,,139
e,,,,
&,Hi-Hat (Open),,,
a,,,,
278,Snare Drum,Hi-Hat (Open),,
e,,,,
&,Bass Drum,Tom-tom,,
a,,,,
279,Hi-Hat (Open),,,140
e,,,,
&,Bass Drum,Hi-Hat (Open),,
a,,,,
280,Snare Drum,Hi-Hat (Open),,
e,,,,
&,Hi-Hat (Open),,,
a,,,,
281,Bass Drum,Tom-tom,,141
e,,,,
&,Tom-tom,Snare Drum,,
a,,,,
282,Tom-tom,Snare Drum,,
e,,,,
&,Tom-tom,Snare Drum,,
a,,,,
283,Tom-tom,Snare Drum,,142
e,,,,
&,Tom-tom,Snare Drum,,
a,,,,
284,Tom-tom,Snare Drum,,
e,,,,
&,Tom-tom,Snare Drum,,
a,,,,
285,Tom-tom,Snare Drum,,143
e,,,,
&,Tom-tom,Snare Drum,,
a,,,,
286,Tom-tom,Snare Drum,,
e,,,,
&,Tom-tom,Snare Drum,,
a,,,,
287,Tom-tom,Snare Drum,,144
e,,,,
&,Bass Drum,,,
a,,,,
288,Snare Drum,Snare Drum,,
e,,,,
&,,,,
a,,,,
289,Bass Drum,Tom-tom,,145
e,,,,
&,Hi-Hat (Open),,,
a,,,,
290,Snare Drum,Hi-Hat (Open),,
e,,,,
&,Bass Drum,Tom-tom,,
a,,,,
291,Hi-Hat (Open),,,146
e,,,,
&,Bass Drum,Hi-Hat (Open),,
a,,,,
292,Snare Drum,Hi-Hat (Open),,
e,,,,
&,Hi-Hat (Open),,,
a,,,,
293,Bass Drum,Tom-tom,,147
e,,,,
&,Hi-Hat (Open),,,
a,,,,
294,Snare Drum,Hi-Hat (Open),,
e,,,,
&,Bass Drum,Hi-Hat (Open),,
a,,,,
295,Hi-Hat (Open),,,148
e,,,,
&,Bass Drum,Hi-Hat (Open),,
a,,,,
296,Snare Drum,Hi-Hat (Open),,
e,,,,
&,Hi-Hat (Open),,,
a,,,,
297,Bass Drum,Tom-tom,,149
e,,,,
&,Tom-tom,Snare Drum,,
a,,,,
298,Tom-tom,Snare Drum,,
e,,,,
&,Tom-tom,Snare Drum,,
a,,,,
299,Tom-tom,Snare Drum,,150
e,,,,
&,Tom-tom,Snare Drum,,
a,,,,
300,Tom-tom,Snare Drum,,
e,,,,
&,Tom-tom,Snare Drum,,
a,,,,
301,Tom-tom,Snare Drum,,151
e,,,,
&,Tom-tom,Snare Drum,,
a,,,,
302,Tom-tom,Snare Drum,,
e,,,,
&,Tom-tom,Snare Drum,,
a,,,,
303,Tom-tom,Snare Drum,,152
e,,,,
&,Tom-tom,Snare Drum,,
a,,,,
304,Snare Drum,Snare Drum,,
e,,,,
&,,,,
a,,,,
305,Bass Drum,Tom-tom,,153
e,,,,
&,Hi-Hat (Open),,,
a,,,,
306,Snare Drum,Hi-Hat (Open),,
e,,,,
&,Bass Drum,Tom-tom,,
a,,,,
307,Hi-Hat (Open),,,154
e,,,,
&,Bass Drum,Hi-Hat (Open),,
a,,,,
308,Snare Drum,Hi-Hat (Open),,
e,,,,
&,Hi-Hat (Open),,,
a,,,,
309,Bass Drum,Tom-tom,,155
e,,,,
&,Hi-Hat (Open),,,
a,,,,
310,Snare Drum,Hi-Hat (Open),,
e,,,,
&,Bass Drum,Hi-Hat (Open),,
a,,,,
311,Hi-Hat (Open),,,156
e,,,,
&,Bass Drum,Hi-Hat (Open),,
a,,,,
312,Snare Drum,Hi-Hat (Open),,
e,,,,
&,Hi-Hat (Open),,,
a,,,,
313,Bass Drum,Tom-tom,,157
e,,,,
&,Hi-Hat (Open),,,
a,,,,
314,Snare Drum,Hi-Hat (Open),,
e,,,,
&,Bass Drum,Hi-Hat (Open),,
a,,,,
315,Hi-Hat (Open),,,158
e,,,,
&,Bass Drum,Hi-Hat (Open),,
a,,,,
316,Snare Drum,Hi-Hat (Open),,
e,,,,
&,Hi-Hat (Open),,,
a,,,,
317,Bass Drum,Tom-tom,,159
e,,,,
&,Hi-Hat (Open),,,
a,,,,
318,Snare Drum,Hi-Hat (Open),,
e,,,,
&,Bass Drum,Hi-Hat (Open),,
a,,,,
319,Bass Drum,Tom-tom,,160
e,,,,
&,,,,
a,,,,
320,Bass Drum,Tom-tom,,
e,,,,
&,,,,
a,,,,
321,Bass Drum,Ghost Note,,161
e,,,,
&,Ghost Note,,,
a,,,,
322,Snare Drum,Ghost Note,,
e,,,,
&,Bass Drum,Ghost Note,,
a,,,,
323,Ghost Note,,,162
e,,,,
&,Ghost Note,,,
a,,,,
324,Snare Drum,Ghost Note,,
e,,,,
&,Ghost Note,,,
a,,,,
325,Bass Drum,Ghost Note,,163
e,,,,
&,Ghost Note,,,
a,,,,
326,Snare Drum,Ghost Note,,
e,,,,
&,Bass Drum,Ghost Note,,
a,,,,
327,Ghost Note,,,164
e,,,,
&,Ghost Note,,,
a,,,,
328,Snare Drum,Ghost Note,,
e,,,,
&,Ghost Note,,,
a,,,,
329,Bass Drum,Ghost Note,,165
e,,,,
&,Ghost Note,,,
a,,,,
330,Snare Drum,Ghost Note,,
e,,,,
&,Bass Drum,Ghost Note,,
a,,,,
331,Ghost Note,,,166
e,,,,
&,Ghost Note,,,
a,,,,
332,Snare Drum,Ghost Note,,
e,,,,
&,Ghost Note,,,
a,,,,
333,Ghost Note,,,167
e,,,,
&,Bass Drum,Ghost Note,,
a,,,,
334,Snare Drum,Ghost Note,,
e,,,,
&,Bass Drum,Ghost Note,,
a,,,,
335,Bass Drum,Ghost Note,,168
e,,,,
&,Ghost Note,,,
a,,,,
336,Snare Drum,Ghost Note,,
e,,,,
&,Ghost Note,,,
a,,,,
337,Bass Drum,Ghost Note,,169
e,,,,
&,Ghost Note,,,
a,,,,
338,Snare Drum,Ghost Note,,
e,,,,
&,Bass Drum,Ghost Note,,
a,,,,
339,Ghost Note,,,170
e,,,,
&,Ghost Note,,,
a,,,,
340,Snare Drum,Ghost Note,,
e,,,,
&,Ghost Note,,,
a,,,,
341,Bass Drum,Ghost Note,,171
e,,,,
&,Ghost Note,,,
a,,,,
342,Snare Drum,Ghost Note,,
e,,,,
&,Bass Drum,Ghost Note,,
a,,,,
343,Ghost Note,,,172
e,,,,
&,Ghost Note,,,
a,,,,
344,Snare Drum,Ghost Note,,
e,,,,
&,Ghost Note,,,
a,,,,
345,Bass Drum,Ghost Note,,173
e,,,,
&,Ghost Note,,,
a,,,,
346,Snare Drum,Ghost Note,,
e,,,,
&,Bass Drum,Ghost Note,,
a,,,,
347,Ghost Note,,,174
e,,,,
&,Ghost Note,,,
a,,,,
348,Snare Drum,Ghost Note,,
e,,,,
&,Ghost Note,,,
a,,,,
349,Ghost Note,,,175
e,,,,
&,Bass Drum,Ghost Note,,
a,,,,
350,Snare Drum,Ghost Note,,
e,,,,
&,Bass Drum,Ghost Note,,
a,,,,
351,Bass Drum,Ghost Note,,176
e,,,,
&,Ghost Note,,,
a,,,,
352,Snare Drum,Ghost Note,,
e,,,,
&,Snare Drum,Ghost Note,,
a,,,,
353,Bass Drum,Tom-tom,,177
e,,,,
&,Ghost Note,,,
a,,,,
354,Snare Drum,Ghost Note,,
e,,,,
&,Ghost Note,,,
a,,,,
355,Ghost Note,,,178
e,,,,
&,Bass Drum,Ghost Note,,
a,,,,
356,Snare Drum,Ghost Note,,
e,,,,
&,Ghost Note,,,
a,,,,
357,Bass Drum,Ghost Note,,179
e,,,,
&,Ghost Note,,,
a,,,,
358,Snare Drum,Ghost Note,,
e,,,,
&,Bass Drum,Ghost Note,,
a,,,,
359,Ghost Note,,,180
e,,,,
&,Bass Drum,Ghost Note,,
a,,,,
360,Snare Drum,Ghost Note,,
e,,,,
&,Bass Drum,Ghost Note,,
a,,,,
361,Snare Drum,Tom-tom,,181
e,,,,
&,Tom-tom,Snare Drum,,
a,,,,
362,Tom-tom,Snare Drum,,
e,,,,
&,Tom-tom,Snare Drum,,
a,,,,
363,Tom-tom,Snare Drum,,182
e,,,,
&,Tom-tom,Snare Drum,,
a,,,,
364,Tom-tom,Snare Drum,,
e,,,,
&,Tom-tom,Snare Drum,,
a,,,,
365,Tom-tom,Snare Drum,,183
e,,,,
&,Tom-tom,Snare Drum,,
a,,,,
366,Tom-tom,Snare Drum,,
e,,,,
&,Tom-tom,Snare Drum,,
a,,,,
367,Snare Drum,Snare Drum,,184
e,,,,
&,Bass Drum,,,
a,,,,
368,Snare Drum,Snare Drum,,
e,,,,
&,,,,
a,,,,
369,Bass Drum,Tom-tom,,185
e,,,,
&,Hi-Hat (Open),,,
a,,,,
370,Snare Drum,Hi-Hat (Open),,
e,,,,
&,Bass Drum,Tom-tom,,
a,,,,
371,Hi-Hat (Open),,,186
e,,,,
&,Bass Drum,Hi-Hat (Open),,
a,,,,
372,Snare Drum,Hi-Hat (Open),,
e,,,,
&,Hi-Hat (Open),,,
a,,,,
373,Bass Drum,Tom-tom,,187
e,,,,
&,Hi-Hat (Open),,,
a,,,,
374,Snare Drum,Hi-Hat (Open),,
e,,,,
&,Bass Drum,Tom-tom,,
a,,,,
375,Hi-Hat (Open),,,188
e,,,,
&,Bass Drum,Hi-Hat (Open),,
a,,,,
376,Snare Drum,Hi-Hat (Open),,
e,,,,
&,Hi-Hat (Open),,,
a,,,,
377,Bass Drum,Tom-tom,,189
e,,,,
&,Hi-Hat (Open),,,
a,,,,
378,Snare Drum,Hi-Hat (Open),,
e,,,,
&,Bass Drum,Tom-tom,,
a,,,,
379,Hi-Hat (Open),,,190
e,,,,
&,Bass Drum,Hi-Hat (Open),,
a,,,,
380,Snare Drum,Hi-Hat (Open),,
e,,,,
&,Hi-Hat (Open),,,
a,,,,
381,Bass Drum,Tom-tom,,191
e,,,,
&,Hi-Hat (Open),,,
a,,,,
382,Snare Drum,Hi-Hat (Open),,
e,,,,
&,Hi-Hat (Open),,,
a,,,,
383,Bass Drum,Tom-tom,,192
e,,,,
&,,,,
a,,,,
384,Bass Drum,Tom-tom,,
e,,,,
&,,,,
a,,,,
385,Bass Drum,Tom-tom,,193
e,,,,
&,Hi-Hat (Open),,,
a,,,,
386,Snare Drum,Hi-Hat (Open),,
e,,,,
&,Bass Drum,Tom-tom,,
a,,,,
387,Hi-Hat (Open),,,194
e,,,,
&,Bass Drum,Hi-Hat (Open),,
a,,,,
388,Snare Drum,Hi-Hat (Open),,
e,,,,
&,Hi-Hat (Open),,,
a,,,,
389,Bass Drum,Tom-tom,,195
e,,,,
&,Hi-Hat (Open),,,
a,,,,
390,Snare Drum,Hi-Hat (Open),,
e,,,,
&,Bass Drum,Tom-tom,,
a,,,,
391,Hi-Hat (Open),,,196
e,,,,
&,Bass Drum,Hi-Hat (Open),,
a,,,,
392,Snare Drum,Hi-Hat (Open),,
e,,,,
&,Hi-Hat (Open),,,
a,,,,
393,Bass Drum,Tom-tom,,197
e,,,,
&,Hi-Hat (Open),,,
a,,,,
394,Snare Drum,Hi-Hat (Open),,
e,,,,
&,Bass Drum,Tom-tom,,
a,,,,
395,Hi-Hat (Open),,,198
e,,,,
&,Bass Drum,Hi-Hat (Open),,
a,,,,
396,Snare Drum,Hi-Hat (Open),,
e,,,,
&,Hi-Hat (Open),,,
a,,,,
397,Bass Drum,Tom-tom,,199
e,,,,
&,Bass Drum,Tom-tom,,
a,,,,
398,,,,
e,Bass Drum,Tom-tom,,
&,,,,
a,,,,
399,Bass Drum,Tom-tom,,200
e,,,,
&,Bass Drum,Tom-tom,,
a,,,,
400,,,,
e,Bass Drum,Tom-tom,,
&,,,,
a,,,,
401,Bass Drum,Tom-tom,,201
e,,,,
&,Hi-Hat (Open),,,
a,,,,
402,Snare Drum,Hi-Hat (Open),,
,,,,
,Bass Drum,Tom-tom,,
,,,,
,Hi-Hat (Open),,,202
,,,,
,Bass Drum,Hi-Hat (Open),,
,,,,
,Snare Drum,Hi-Hat (Open),,
,,,,
,Hi-Hat (Open),,,
,,,,
,Bass Drum,Tom-tom,,
,,,,
,Hi-Hat (Open),,,
,,,,
,Snare Drum,Hi-Hat (Open),,
,,,,
,Bass Drum,Tom-tom,,
,,,,
,Hi-Hat (Open),,,
,,,,
,Bass Drum,Hi-Hat (Open),,
,,,,
,Snare Drum,Hi-Hat (Open),,
,,,,
,Hi-Hat (Open),,,
,,,,
,Bass Drum,Tom-tom,,
,,,,
,,,,
,,,,
,Hi-Hat (Open),,,
,,,,
,,,,
,,,,
,Hi-Hat (Open),,,
,,,,
,,,,
,,,,
,Hi-Hat (Open),,,
,,,,
,,,,
,,,,
,Bass Drum,Tom-tom,,
,,,,
,,,,
,,,,
,Hi-Hat (Open),,,
,,,,
,,,,
,,,,
,Bass Drum,Tom-tom,,
,,,,
,,,,
,,,,
,Hi-Hat (Open),,,
,,,,
,,,,
,,,,
,Bass Drum,Tom-tom,,
