Count,Instrument 1,Instrument 2,Section,,,,,
,,,Intro 1,,,,,
,,,Intro 1,,,,,
1,,,Intro 1,1,,,,
e,,,Intro 1,,,,,
&,,,Intro 1,,,,,
a,,,Intro 1,,,,,
2,,,Intro 1,,,,,
e,,,Intro 1,,,,,
&,,,Intro 1,,,,,
a,,,Intro 1,,,,,
3,,,Intro 1, ,,,,
e,,,Intro 1,,,,,
&,,,Intro 1,,,,,
a,,,Intro 1,,,,,
4,,,Intro 1,,,,,
e,,,Intro 1,,,,,
&,,,Intro 1,,,,,
a,,,Intro 1,,,,,
5,,,Intro 1,2,,,,
e,,,Intro 1,,,,,
&,,,Intro 1,,,,,
a,,,Intro 1,,,,,
6,,,Intro 1,,,,,
e,,,Intro 1,,,,,
&,,,Intro 1,,,,,
a,,,Intro 1,,,,,
7,,,Intro 1,,,,,
e,,,Intro 1,,,,,
&,,,Intro 1,,,,,
a,,,Intro 1,,,,,
8,,,Intro 1,,,,,
e,,,Intro 1,,,,,
&,,,Intro 1,,,,,
a,,,Intro 1,,,,,
9,,,Intro 1,3,,,,
e,,,Intro 1,,,,,
&,,,Intro 1,,,,,
a,,,Intro 1,,,,,
10,,,Intro 1,,,,,
e,,,Intro 1,,,,,
&,,,Intro 1,,,,,
a,,,Intro 1,,,,,
11,,,Intro 1, ,,,,
e,,,Intro 1,,,,,
&,,,Intro 1,,,,,
a,,,Intro 1,,,,,
12,,,Intro 1,,,,,
e,,,Intro 1,,,,,
&,,,Intro 1,,,,,
a,,,Intro 1,,,,,
13,,,Intro 1,4,,,,
e,,,Intro 1,,,,,
&,,,Intro 1,,,,,
a,,,Intro 1,,,,,
14,,,Intro 1,,,,,
e,,,Intro 1,,,,,
&,,,Intro 1,,,,,
a,,,Intro 1,,,,,
15,,,Intro 1,,,,,
e,,,Intro 1,,,,,
&,,,Intro 1,,,,,
a,,,Intro 1,,,,,
16,,,Intro 1,,,,,
e,,,Intro 1,,,,,
&,,,Intro 1,,,,,
a,,,Intro 1,,,,,
17,,,Intro 1,5,,,,
e,,,Intro 1,,,,,
&,,,Intro 1,,,,,
a,,,Intro 1,,,,,
18,,,Intro 1,,,,,
e,,,Intro 1,,,,,
&,,,Intro 1,,,,,
a,,,Intro 1,,,,,
19,,,Intro 1, ,,,,
e,,,Intro 1,,,,,
&,,,Intro 1,,,,,
a,,,Intro 1,,,,,
20,,,Intro 1,,,,,
e,,,Intro 1,,,,,
&,,,Intro 1,,,,,
a,,,Intro 1,,,,,
21,,,Intro 1,6,,,,
e,,,Intro 1,,,,,
&,,,Intro 1,,,,,
a,,,Intro 1,,,,,
22,,,Intro 1,,,,,
e,,,Intro 1,,,,,
&,,,Intro 1,,,,,
a,,,Intro 1,,,,,
23,,,Intro 1,,,,,
e,,,Intro 1,,,,,
&,,,Intro 1,,,,,
a,,,Intro 1,,,,,
24,,,Intro 1,,,,,
e,,,Intro 1,,,,,
&,,,Intro 1,,,,,
a,,,Intro 1,,,,,
25,,,Intro 1,7,,,,
e,,,Intro 1,,,,,
&,,,Intro 1,,,,,
a,,,Intro 1,,,,,
26,,,Intro 1,,,,,
e,,,Intro 1,,,,,
&,,,Intro 1,,,,,
a,,,Intro 1,,,,,
27,,,Intro 1, ,,,,
e,,,Intro 1,,,,,
&,,,Intro 1,,,,,
a,,,Intro 1,,,,,
28,,,Intro 1,,,,,
e,,,Intro 1,,,,,
&,,,Intro 1,,,,,
a,,,Intro 1,,,,,
29,,,Intro 1,8,,,,
e,,,Intro 1,,,,,
&,,,Intro 1,,,,,
a,,,Intro 1,,,,,
30,,,Intro 1,,,,,
e,,,Intro 1,,,,,
&,,,Intro 1,,,,,
a,,,Intro 1,,,,,
31,,,Intro 1,,,,,
e,,,Intro 1,,,,,
&,,,Intro 1,,,,,
a,,,Intro 1,,,,,
32,,,Intro 1,,,,,
e,,,Intro 1,,,,,
&,,,Intro 1,,,,,
a,,,Intro 1,,,,,
33,Crash Cymbal,Bass Drum,Intro 2,9,,,,
e,,,Intro 2,,,,,
&,,,Intro 2,,,,,
a,,,Intro 2,,,,,
34,,,Intro 2,,,,,
e,,,Intro 2,,,,,
&,,,Intro 2,,,,,
a,,,Intro 2,,,,,
35,,,Intro 2, ,,,,
e,,,Intro 2,,,,,
&,,,Intro 2,,,,,
a,,,Intro 2,,,,,
36,,,Intro 2,,,,,
e,,,Intro 2,,,,,
&,Ride Cymbal,Ride Cymbal,Intro 2,,,,,
a,Ride Cymbal,Ride Cymbal,Intro 2,,,,,
37,Ride Cymbal,Ride Cymbal,Intro 2,10,,,,
e,,,Intro 2,,,,,
&,,,Intro 2,,,,,
a,,,Intro 2,,,,,
38,,,Intro 2,,,,,
e,,,Intro 2,,,,,
&,,,Intro 2,,,,,
a,,,Intro 2,,,,,
39,,,Intro 2,,,,,
e,,,Intro 2,,,,,
&,,,Intro 2,,,,,
a,,,Intro 2,,,,,
40,,,Intro 2,,,,,
e,,,Intro 2,,,,,
&,,,Intro 2,,,,,
a,,,Intro 2,,,,,
41,Crash Cymbal,Bass Drum,Intro 2,11,,,,
e,,,Intro 2,,,,,
&,,,Intro 2,,,,,
a,,,Intro 2,,,,,
42,,,Intro 2,,,,,
e,,,Intro 2,,,,,
&,,,Intro 2,,,,,
a,,,Intro 2,,,,,
43,,,Intro 2, ,,,,
e,,,Intro 2,,,,,
&,,,Intro 2,,,,,
a,,,Intro 2,,,,,
44,,,Intro 2,,,,,
e,,,Intro 2,,,,,
&,Ride Cymbal,Ride Cymbal,Intro 2,,,,,
a,Ride Cymbal,Ride Cymbal,Intro 2,,,,,
45,Ride Cymbal,Ride Cymbal,Intro 2,12,,,,
e,,,Intro 2,,,,,
&,,,Intro 2,,,,,
a,,,Intro 2,,,,,
46,,,Intro 2,,,,,
e,,,Intro 2,,,,,
&,,,Intro 2,,,,,
a,,,Intro 2,,,,,
47,,,Intro 2,,,,,
e,,,Intro 2,,,,,
&,,,Intro 2,,,,,
a,,,Intro 2,,,,,
48,,,Intro 2,,,,,
e,,,Intro 2,,,,,
&,,,Intro 2,,,,,
a,,,Intro 2,,,,,
49,Crash Cymbal,Bass Drum,Intro 2,13,,,,
e,,,Intro 2,,,,,
&,,,Intro 2,,,,,
a,,,Intro 2,,,,,
50,,,Intro 2,,,,,
e,,,Intro 2,,,,,
&,,,Intro 2,,,,,
a,,,Intro 2,,,,,
51,,,Intro 2, ,,,,
e,,,Intro 2,,,,,
&,,,Intro 2,,,,,
a,,,Intro 2,,,,,
52,,,Intro 2,,,,,
e,,,Intro 2,,,,,
&,Ride Cymbal,Ride Cymbal,Intro 2,,,,,
a,Ride Cymbal,Ride Cymbal,Intro 2,,,,,
53,Ride Cymbal,Ride Cymbal,Intro 2,14,,,,
e,,,Intro 2,,,,,
&,,,Intro 2,,,,,
a,,,Intro 2,,,,,
54,,,Intro 2,,,,,
e,,,Intro 2,,,,,
&,,,Intro 2,,,,,
a,,,Intro 2,,,,,
55,,,Intro 2,,,,,
e,,,Intro 2,,,,,
&,,,Intro 2,,,,,
a,,,Intro 2,,,,,
56,,,Intro 2,,,,,
e,,,Intro 2,,,,,
&,,,Intro 2,,,,,
a,,,Intro 2,,,,,
57,Bass Drum,Crash Cymbal,Intro 2,15,,,,
e,,,Intro 2,,,,,
&,Tom-tom,Snare Drum,Intro 2,,,,,
a,,,Intro 2,,,,,
58,Tom-tom,Snare Drum,Intro 2,,,,,
e,,,Intro 2,,,,,
&,Tom-tom,Snare Drum,Intro 2,,,,,
a,,,Intro 2,,,,,
59,Tom-tom,Snare Drum,Intro 2, ,,,,
e,,,Intro 2,,,,,
&,Tom-tom,Snare Drum,Intro 2,,,,,
a,,,Intro 2,,,,,
60,Tom-tom,Snare Drum,Intro 2,,,,,
e,,,Intro 2,,,,,
&,Tom-tom,Snare Drum,Intro 2,,,,,
a,,,Intro 2,,,,,
61,Tom-tom,Snare Drum,Intro 2,16,,,,
e,,,Intro 2,,,,,
&,Tom-tom,Snare Drum,Intro 2,,,,,
a,,,Intro 2,,,,,
62,Tom-tom,Snare Drum,Intro 2,,,,,
e,,,Intro 2,,,,,
&,Tom-tom,Snare Drum,Intro 2,,,,,
a,,,Intro 2,,,,,
63,Tom-tom,Snare Drum,Intro 2,,,,,
e,,,Intro 2,,,,,
&,Bass Drum,,Intro 2,,,,,
a,,,Intro 2,,,,,
64,Tom-tom,Snare Drum,Intro 3,,,,,
e,,,Intro 3,,,,,
&,,,Intro 3,,,,,
a,,,Intro 3,,,,,
65,Bass Drum,Crash Cymbal,Intro 3,17,,,,
e,,,Intro 3,,,,,
&,Ride Cymbal,,Intro 3,,,,,
a,,,Intro 3,,,,,
66,Snare Drum,Ride Cymbal,Intro 3,,,,,
e,,,Intro 3,,,,,
&,Bass Drum,Ride Cymbal,Intro 3,,,,,
a,,,Intro 3,,,,,
67,Bass Drum,Ride Cymbal,Intro 3, ,,,,
e,,,Intro 3,,,,,
&,Ride Cymbal,,Intro 3,,,,,
a,,,Intro 3,,,,,
68,Snare Drum,Ride Cymbal,Intro 3,,,,,
e,,,Intro 3,,,,,
&,Bass Drum,Ride Cymbal,Intro 3,,,,,
a,,,Intro 3,,,,,
69,Bass Drum,Ride Cymbal,Intro 3,18,,,,
e,,,Intro 3,,,,,
&,Ride Cymbal,,Intro 3,,,,,
a,,,Intro 3,,,,,
70,Snare Drum,Ride Cymbal,Intro 3,,,,,
e,,,Intro 3,,,,,
&,Bass Drum,Ride Cymbal,Intro 3,,,,,
a,,,Intro 3,,,,,
71,Bass Drum,Ride Cymbal,Intro 3,,,,,
e,,,Intro 3,,,,,
&,Ride Cymbal,,Intro 3,,,,,
a,,,Intro 3,,,,,
72,Snare Drum,Ride Cymbal,Intro 3,,,,,
e,,,Intro 3,,,,,
&,Bass Drum,Ride Cymbal,Intro 3,,,,,
a,,,Intro 3,,,,,
73,Bass Drum,Crash Cymbal,Intro 3,19,,,,
e,,,Intro 3,,,,,
&,Ride Cymbal,,Intro 3,,,,,
a,,,Intro 3,,,,,
74,Snare Drum,Ride Cymbal,Intro 3,,,,,
e,,,Intro 3,,,,,
&,Bass Drum,Ride Cymbal,Intro 3,,,,,
a,,,Intro 3,,,,,
75,Bass Drum,Ride Cymbal,Intro 3, ,,,,
e,,,Intro 3,,,,,
&,Ride Cymbal,,Intro 3,,,,,
a,,,Intro 3,,,,,
76,Snare Drum,Ride Cymbal,Intro 3,,,,,
e,,,Intro 3,,,,,
&,Bass Drum,Ride Cymbal,Intro 3,,,,,
a,,,Intro 3,,,,,
77,Bass Drum,Ride Cymbal,Intro 3,20,,,,
e,,,Intro 3,,,,,
&,Ride Cymbal,,Intro 3,,,,,
a,,,Intro 3,,,,,
78,Snare Drum,Ride Cymbal,Intro 3,,,,,
e,,,Intro 3,,,,,
&,Bass Drum,Ride Cymbal,Intro 3,,,,,
a,,,Intro 3,,,,,
79,Bass Drum,Ride Cymbal,Intro 3,,,,,
e,,,Intro 3,,,,,
&,Ride Cymbal,,Intro 3,,,,,
a,,,Intro 3,,,,,
80,Snare Drum,Ride Cymbal,Intro 3,,,,,
e,,,Intro 3,,,,,
&,Bass Drum,Ride Cymbal,Intro 3,,,,,
a,,,Intro 3,,,,,
81,Bass Drum,Ride Cymbal,Intro 3,21,,,,
e,,,Intro 3,,,,,
&,Ride Cymbal,,Intro 3,,,,,
a,,,Intro 3,,,,,
82,Snare Drum,Ride Cymbal,Intro 3,,,,,
e,,,Intro 3,,,,,
&,Bass Drum,Ride Cymbal,Intro 3,,,,,
a,,,Intro 3,,,,,
83,Bass Drum,Ride Cymbal,Intro 3, ,,,,
e,,,Intro 3,,,,,
&,Ride Cymbal,,Intro 3,,,,,
a,,,Intro 3,,,,,
84,Snare Drum,Ride Cymbal,Intro 3,,,,,
e,,,Intro 3,,,,,
&,Bass Drum,Ride Cymbal,Intro 3,,,,,
a,,,Intro 3,,,,,
85,Bass Drum,Ride Cymbal,Intro 3,22,,,,
e,,,Intro 3,,,,,
&,Ride Cymbal,,Intro 3,,,,,
a,,,Intro 3,,,,,
86,Snare Drum,Ride Cymbal,Intro 3,,,,,
e,,,Intro 3,,,,,
&,Bass Drum,Ride Cymbal,Intro 3,,,,,
a,,,Intro 3,,,,,
87,Bass Drum,Ride Cymbal,Intro 3,,,,,
e,,,Intro 3,,,,,
&,Ride Cymbal,,Intro 3,,,,,
a,,,Intro 3,,,,,
88,Snare Drum,Ride Cymbal,Intro 3,,,,,
e,,,Intro 3,,,,,
&,Bass Drum,Ride Cymbal,Intro 3,,,,,
a,,,Intro 3,,,,,
89,Bass Drum,Ride Cymbal,Intro 3,23,,,,
e,,,Intro 3,,,,,
&,Ride Cymbal,,Intro 3,,,,,
a,,,Intro 3,,,,,
90,Snare Drum,Ride Cymbal,Intro 3,,,,,
e,,,Intro 3,,,,,
&,Bass Drum,Ride Cymbal,Intro 3,,,,,
a,,,Intro 3,,,,,
91,Bass Drum,Ride Cymbal,Intro 3, ,,,,
e,,,Intro 3,,,,,
&,Ride Cymbal,,Intro 3,,,,,
a,,,Intro 3,,,,,
92,Snare Drum,Ride Cymbal,Intro 3,,,,,
e,,,Intro 3,,,,,
&,Bass Drum,Ride Cymbal,Intro 3,,,,,
a,,,Intro 3,,,,,
93,Bass Drum,Ride Cymbal,Intro 3,24,,,,
e,,,Intro 3,,,,,
&,Ride Cymbal,,Intro 3,,,,,
a,,,Intro 3,,,,,
94,Snare Drum,Ride Cymbal,Intro 3,,,,,
e,,,Intro 3,,,,,
&,Bass Drum,Ride Cymbal,Intro 3,,,,,
a,,,Intro 3,,,,,
95,Bass Drum,Ride Cymbal,Intro 3,,,,,
e,,,Intro 3,,,,,
&,Snare Drum,Crash Cymbal,Intro 3,,,,,
a,,,Intro 3,,,,,
96,Ride Cymbal, ,Intro 3,,,,,
e,,,Intro 3,,,,,
&,Bass Drum,Ride Cymbal,Intro 3,,,,,
a,,,Intro 3,,,,,
97,Snare Drum,Crash Cymbal,Intro 3,25,,,,
e,,,Intro 3,,,,,
&,Bass Drum,,Intro 3,,,,,
a,,,Intro 3,,,,,
98,Snare Drum,Crash Cymbal,Verse 1,,,,,
e,,,Verse 1,,,,,
&,Bass Drum,,Verse 1,,,,,
a,,,Verse 1,,,,,
99,Bass Drum,Hi-hat (closed),Verse 1, ,,,,
e,,,Verse 1,,,,,
&,Hi-hat (closed),,Verse 1,,,,,
a,,,Verse 1,,,,,
100,Snare Drum,Hi-hat (closed),Verse 1,,,,,
e,,,Verse 1,,,,,
&,Bass Drum,Hi-hat (closed),Verse 1,,,,,
a,,,Verse 1,,,,,
101,Bass Drum,Hi-hat (closed),Verse 1,26,,,,
e,,,Verse 1,,,,,
&,Hi-hat (closed),,Verse 1,,,,,
a,,,Verse 1,,,,,
102,Snare Drum,Hi-hat (closed),Verse 1,,,,,
e,,,Verse 1,,,,,
&,Bass Drum,Hi-hat (closed),Verse 1,,,,,
a,,,Verse 1,,,,,
103,Bass Drum,Hi-hat (closed),Verse 1,,,,,
e,,,Verse 1,,,,,
&,Bass Drum,Hi-hat (closed),Verse 1,,,,,
a,,,Verse 1,,,,,
104,Snare Drum,Hi-hat (closed),Verse 1,,,,,
e,,,Verse 1,,,,,
&,Bass Drum,Hi-hat (closed),Verse 1,,,,,
a,,,Verse 1,,,,,
105,Bass Drum,Hi-hat (closed),Verse 1,27,,,,
e,,,Verse 1,,,,,
&,Hi-hat (closed),,Verse 1,,,,,
a,,,Verse 1,,,,,
106,Snare Drum,Hi-hat (closed),Verse 1,,,,,
e,,,Verse 1,,,,,
&,Bass Drum,Hi-hat (closed),Verse 1,,,,,
a,,,Verse 1,,,,,
107,Bass Drum,Hi-hat (closed),Verse 1, ,,,,
e,,,Verse 1,,,,,
&,Hi-hat (closed),,Verse 1,,,,,
a,,,Verse 1,,,,,
108,Snare Drum,Hi-hat (closed),Verse 1,,,,,
e,,,Verse 1,,,,,
&,Bass Drum,Hi-hat (closed),Verse 1,,,,,
a,,,Verse 1,,,,,
109,Bass Drum,Hi-hat (closed),Verse 1,28,,,,
e,,,Verse 1,,,,,
&,Hi-hat (closed),,Verse 1,,,,,
a,,,Verse 1,,,,,
110,Snare Drum,Hi-hat (closed),Verse 1,,,,,
e,,,Verse 1,,,,,
&,Bass Drum,Hi-hat (closed),Verse 1,,,,,
a,,,Verse 1,,,,,
111,Bass Drum,Hi-hat (closed),Verse 1,,,,,
e,,,Verse 1,,,,,
&,Hi-hat (closed),,Verse 1,,,,,
a,,,Verse 1,,,,,
112,Snare Drum,Hi-hat (closed),Verse 1,,,,,
e,,,Verse 1,,,,,
&,Bass Drum,Hi-hat (closed),Verse 1,,,,,
a,,,Verse 1,,,,,
113,Bass Drum,Hi-hat (closed),Verse 1,29,,,,
e,,,Verse 1,,,,,
&,Hi-hat (closed),,Verse 1,,,,,
a,,,Verse 1,,,,,
114,Snare Drum,Hi-hat (closed),Verse 1,,,,,
e,,,Verse 1,,,,,
&,Bass Drum,Hi-hat (closed),Verse 1,,,,,
a,,,Verse 1,,,,,
115,Bass Drum,Hi-hat (closed),Verse 1, ,,,,
e,,,Verse 1,,,,,
&,Hi-hat (closed),,Verse 1,,,,,
a,,,Verse 1,,,,,
116,Snare Drum,Hi-hat (closed),Verse 1,,,,,
e,,,Verse 1,,,,,
&,Bass Drum,Hi-hat (closed),Verse 1,,,,,
a,,,Verse 1,,,,,
117,Bass Drum,Hi-hat (closed),Verse 1,30,,,,
e,,,Verse 1,,,,,
&,Snare Drum,Tom-tom,Verse 1,,,,,
a,,,Verse 1,,,,,
118,Hi-hat (closed),,Verse 1,,,,,
e,,,Verse 1,,,,,
&,Bass Drum,Hi-hat (closed),Verse 1,,,,,
a,,,Verse 1,,,,,
119,Snare Drum,Tom-tom,Verse 1,,,,,
e,,,Verse 1,,,,,
&,Bass Drum,,Verse 1,,,,,
a,,,Verse 1,,,,,
120,Snare Drum,Tom-tom,Verse 1,,,,,
e,,,Verse 1,,,,,
&,Bass Drum,,Verse 1,,,,,
a,,,Verse 1,,,,,
121,Bass Drum,Tom-tom,Verse 1,31,,,,
e,,,Verse 1,,,,,
&,Ride Cymbal,,Verse 1,,,,,
a,,,Verse 1,,,,,
122,Snare Drum,Ride Cymbal,Verse 1,,,,,
e,,,Verse 1,,,,,
&,Bass Drum,Tom-tom,Verse 1,,,,,
a,,,Verse 1,,,,,
123,Ride Cymbal,,Verse 1, ,,,,
e,,,Verse 1,,,,,
&,Bass Drum,Ride Cymbal,Verse 1,,,,,
a,,,Verse 1,,,,,
124,Snare Drum,Ride Cymbal,Verse 1,,,,,
e,,,Verse 1,,,,,
&,Ride Cymbal,,Verse 1,,,,,
a,,,Verse 1,,,,,
125,Bass Drum,Tom-tom,Verse 1,32,,,,
e,,,Verse 1,,,,,
&,Ride Cymbal,,Verse 1,,,,,
a,,,Verse 1,,,,,
126,Snare Drum,Ride Cymbal,Verse 1,,,,,
e,,,Verse 1,,,,,
&,Bass Drum,Tom-tom,Verse 1,,,,,
a,,,Verse 1,,,,,
127,Ride Cymbal,,Verse 1,,,,,
e,,,Verse 1,,,,,
&,Bass Drum,Ride Cymbal,Verse 1,,,,,
a,,,Verse 1,,,,,
128,Snare Drum,Ride Cymbal,Verse 1,,,,,
e,,,Verse 1,,,,,
&,Bass Drum,Ride Cymbal,Verse 1,,,,,
a,,,Verse 1,,,,,
129,Bass Drum,Tom-tom,Verse 1,33,,,,
e,,,Verse 1,,,,,
&,Ride Cymbal,,Verse 1,,,,,
a,,,Verse 1,,,,,
130,Snare Drum,Ride Cymbal,Verse 1,,,,,
e,,,Verse 1,,,,,
&,Bass Drum,Ride Cymbal,Verse 1,,,,,
a,,,Verse 1,,,,,
131,Bass Drum,Ride Cymbal,Verse 1, ,,,,
e,,,Verse 1,,,,,
&,Ride Cymbal,,Verse 1,,,,,
a,,,Verse 1,,,,,
132,Snare Drum,Ride Cymbal,Verse 1,,,,,
e,,,Verse 1,,,,,
&,Bass Drum,Ride Cymbal,Verse 1,,,,,
a,,,Verse 1,,,,,
133,Bass Drum,Ride Cymbal,Verse 1,34,,,,
e,,,Verse 1,,,,,
&,Ride Cymbal,,Verse 1,,,,,
a,,,Verse 1,,,,,
134,Snare Drum,Ride Cymbal,Verse 1,,,,,
e,,,Verse 1,,,,,
&,Bass Drum,Ride Cymbal,Verse 1,,,,,
a,,,Verse 1,,,,,
135,Bass Drum,Ride Cymbal,Verse 1,,,,,
e,,,Verse 1,,,,,
&,Ride Cymbal,,Verse 1,,,,,
a,,,Verse 1,,,,,
136,Snare Drum,Ride Cymbal,Verse 1,,,,,
e,,,Verse 1,,,,,
&,Bass Drum,Ride Cymbal,Verse 1,,,,,
a,,,Verse 1,,,,,
137,Bass Drum,Ride Cymbal,Verse 1,35,,,,
e,,,Verse 1,,,,,
&,Ride Cymbal,,Verse 1,,,,,
a,,,Verse 1,,,,,
138,Snare Drum,Ride Cymbal,Verse 1,,,,,
e,,,Verse 1,,,,,
&,Bass Drum,Ride Cymbal,Verse 1,,,,,
a,,,Verse 1,,,,,
139,Bass Drum,Ride Cymbal,Verse 1, ,,,,
e,,,Verse 1,,,,,
&,Snare Drum,Tom-tom,Verse 1,,,,,
a,,,Verse 1,,,,,
140,Snare Drum,Tom-tom,Verse 1,,,,,
e,,,Verse 1,,,,,
&,,,Verse 1,,,,,
a,,,Verse 1,,,,,
141,Bass Drum,Tom-tom,Verse 1,36,,,,
e,,,Verse 1,,,,,
&,Ride Cymbal,,Verse 1,,,,,
a,,,Verse 1,,,,,
142,Snare Drum,Ride Cymbal,Verse 1,,,,,
e,,,Verse 1,,,,,
&,Bass Drum,Ride Cymbal,Verse 1,,,,,
a,,,Verse 1,,,,,
143,Bass Drum,Ride Cymbal,Verse 1,,,,,
e,,,Verse 1,,,,,
&,Ride Cymbal,,Verse 1,,,,,
a,,,Verse 1,,,,,
144,Snare Drum,Ride Cymbal,Verse 1,,,,,
e,,,Verse 1,,,,,
&,Bass Drum,Ride Cymbal,Verse 1,,,,,
a,,,Verse 1,,,,,
145,Bass Drum,Ride Cymbal,Verse 1,37,,,,
e,,,Verse 1,,,,,
&,Ride Cymbal,,Verse 1,,,,,
a,,,Verse 1,,,,,
146,Snare Drum,Ride Cymbal,Verse 1,,,,,
e,,,Verse 1,,,,,
&,Bass Drum,Ride Cymbal,Verse 1,,,,,
a,,,Verse 1,,,,,
147,Bass Drum,Ride Cymbal,Verse 1, ,,,,
e,,,Verse 1,,,,,
&,Ride Cymbal,,Verse 1,,,,,
a,,,Verse 1,,,,,
148,Ride Cymbal,,Verse 1,,,,,
e,,,Verse 1,,,,,
&,Bass Drum,Ride Cymbal,Verse 1,,,,,
a,,,Verse 1,,,,,
149,Bass Drum,Ride Cymbal,Verse 1,38,,,,
e,,,Verse 1,,,,,
&,Ride Cymbal,,Verse 1,,,,,
a,,,Verse 1,,,,,
150,Snare Drum,Ride Cymbal,Verse 1,,,,,
e,,,Verse 1,,,,,
&,Bass Drum,Ride Cymbal,Verse 1,,,,,
a,,,Verse 1,,,,,
151,Bass Drum,Ride Cymbal,Verse 1,,,,,
e,,,Verse 1,,,,,
&,Ride Cymbal,,Verse 1,,,,,
a,,,Verse 1,,,,,
152,Ride Cymbal,,Verse 1,,,,,
e,,,Verse 1,,,,,
&,Bass Drum,Ride Cymbal,Verse 1,,,,,
a,,,Verse 1,,,,,
153,Bass Drum,Ride Cymbal,Verse 1,39,,,,
e,,,Verse 1,,,,,
&,Ride Cymbal,,Verse 1,,,,,
a,,,Verse 1,,,,,
154,Snare Drum,Ride Cymbal,Verse 1,,,,,
e,,,Verse 1,,,,,
&,Bass Drum,Ride Cymbal,Verse 1,,,,,
a,,,Verse 1,,,,,
155,Bass Drum,Ride Cymbal,Verse 1, ,,,,
e,,,Verse 1,,,,,
&,Ride Cymbal,,Verse 1,,,,,
a,,,Verse 1,,,,,
156,Ride Cymbal,,Verse 1,,,,,
e,,,Verse 1,,,,,
&,Bass Drum,Ride Cymbal,Verse 1,,,,,
a,,,Verse 1,,,,,
157,Bass Drum,Ride Cymbal,Verse 1,40,,,,
e,,,Verse 1,,,,,
&,Ride Cymbal,,Verse 1,,,,,
a,,,Verse 1,,,,,
158,Snare Drum,Ride Cymbal,Verse 1,,,,,
e,,,Verse 1,,,,,
&,Bass Drum,Ride Cymbal,Verse 1,,,,,
a,,,Verse 1,,,,,
159,Bass Drum,Ride Cymbal,Verse 1,,,,,
e,,,Verse 1,,,,,
&,Ride Cymbal,,Verse 1,,,,,
a,,,Verse 1,,,,,
160,Ride Cymbal,,Verse 1,,,,,
e,,,Verse 1,,,,,
&,Bass Drum,Ride Cymbal,Verse 1,,,,,
a,,,Verse 1,,,,,
161,Bass Drum,Ride Cymbal,Verse 1,41,,,,
e,,,Verse 1,,,,,
&,Ride Cymbal,,Verse 1,,,,,
a,,,Verse 1,,,,,
162,Snare Drum,Ride Cymbal,Chorus,,,,,
e,,,Chorus,,,,,
&,Bass Drum,Ride Cymbal,Chorus,,,,,
a,,,Chorus,,,,,
163,Bass Drum,Crash Cymbal,Chorus, ,,,,
e,,,Chorus,,,,,
&,Ride Cymbal,,Chorus,,,,,
a,,,Chorus,,,,,
164,Ride Cymbal,,Chorus,,,,,
e,,,Chorus,,,,,
&,Bass Drum,Ride Cymbal,Chorus,,,,,
a,,,Chorus,,,,,
165,Bass Drum,Ride Cymbal,Chorus,42,,,,
e,,,Chorus,,,,,
&,Ride Cymbal,,Chorus,,,,,
a,,,Chorus,,,,,
166,Snare Drum,Ride Cymbal,Chorus,,,,,
e,,,Chorus,,,,,
&,Bass Drum,Ride Cymbal,Chorus,,,,,
a,,,Chorus,,,,,
167,Bass Drum,Ride Cymbal,Chorus,,,,,
e,,,Chorus,,,,,
&,Ride Cymbal,,Chorus,,,,,
a,,,Chorus,,,,,
168,Ride Cymbal,,Chorus,,,,,
e,,,Chorus,,,,,
&,Bass Drum,Ride Cymbal,Chorus,,,,,
a,,,Chorus,,,,,
169,Bass Drum,Ride Cymbal,Chorus,43,,,,
e,,,Chorus,,,,,
&,Snare Drum,Tom-tom,Chorus,,,,,
a,,,Chorus,,,,,
170,Ride Cymbal,,Chorus,,,,,
e,,,Chorus,,,,,
&,Bass Drum,Ride Cymbal,Chorus,,,,,
a,,,Chorus,,,,,
171,Snare Drum,Tom-tom,Chorus, ,,,,
e,,,Chorus,,,,,
&,Bass Drum,,Chorus,,,,,
a,,,Chorus,,,,,
172,Snare Drum,Tom-tom,Chorus,,,,,
e,,,Chorus,,,,,
&,,,Chorus,,,,,
a,,,Chorus,,,,,
173,Bass Drum,Hi-hat (closed),Chorus,44,,,,
e,,,Chorus,,,,,
&,Hi-hat (closed),,Chorus,,,,,
a,,,Chorus,,,,,
174,Snare Drum,Hi-hat (closed),Chorus,,,,,
e,,,Chorus,,,,,
&,Bass Drum,Hi-hat (closed),Chorus,,,,,
a,,,Chorus,,,,,
175,Bass Drum,Hi-hat (closed),Chorus,,,,,
e,,,Chorus,,,,,
&,Hi-hat (closed),,Chorus,,,,,
a,,,Chorus,,,,,
176,Snare Drum,Hi-hat (closed),Chorus,,,,,
e,,,Chorus,,,,,
&,Bass Drum,Hi-hat (closed),Chorus,,,,,
a,,,Chorus,,,,,
177,Bass Drum,Hi-hat (closed),Chorus,45,,,,
e,,,Chorus,,,,,
&,Hi-hat (closed),,Chorus,,,,,
a,,,Chorus,,,,,
178,Snare Drum,Hi-hat (closed),Chorus,,,,,
e,,,Chorus,,,,,
&,Bass Drum,Hi-hat (closed),Chorus,,,,,
a,,,Chorus,,,,,
179,Bass Drum,Hi-hat (closed),Chorus, ,,,,
e,,,Chorus,,,,,
&,Hi-hat (closed),,Chorus,,,,,
a,,,Chorus,,,,,
180,Snare Drum,Hi-hat (closed),Chorus,,,,,
e,,,Chorus,,,,,
&,Bass Drum,Hi-hat (closed),Chorus,,,,,
a,,,Chorus,,,,,
181,Bass Drum,Hi-hat (closed),Chorus,46,,,,
e,,,Chorus,,,,,
&,Hi-hat (closed),,Chorus,,,,,
a,,,Chorus,,,,,
182,Snare Drum,Hi-hat (closed),Chorus,,,,,
e,,,Chorus,,,,,
&,Bass Drum,Hi-hat (closed),Chorus,,,,,
a,,,Chorus,,,,,
183,Bass Drum,Hi-hat (closed),Chorus,,,,,
e,,,Chorus,,,,,
&,Hi-hat (closed),,Chorus,,,,,
a,,,Chorus,,,,,
184,Snare Drum,Hi-hat (closed),Chorus,,,,,
e,,,Chorus,,,,,
&,Bass Drum,Hi-hat (closed),Chorus,,,,,
a,,,Chorus,,,,,
185,Bass Drum,Hi-hat (closed),Chorus,47,,,,
e,,,Chorus,,,,,
&,Hi-hat (closed),,Chorus,,,,,
a,,,Chorus,,,,,
186,Snare Drum,Hi-hat (closed),Chorus,,,,,
e,,,Chorus,,,,,
&,Bass Drum,Hi-hat (closed),Chorus,,,,,
a,,,Chorus,,,,,
187,Bass Drum,Hi-hat (closed),Chorus, ,,,,
e,,,Chorus,,,,,
&,Bass Drum,Hi-hat (closed),Chorus,,,,,
a,,,Chorus,,,,,
188,Snare Drum,Hi-hat (closed),Chorus,,,,,
e,,,Chorus,,,,,
&,Bass Drum,Hi-hat (closed),Chorus,,,,,
a,,,Chorus,,,,,
189,Bass Drum,Hi-hat (closed),Chorus,48,,,,
e,,,Chorus,,,,,
&,Hi-hat (closed),,Chorus,,,,,
a,,,Chorus,,,,,
190,Snare Drum,Hi-hat (closed),Chorus,,,,,
e,,,Chorus,,,,,
&,Bass Drum,Hi-hat (closed),Chorus,,,,,
a,,,Chorus,,,,,
191,Bass Drum,Hi-hat (closed),Chorus,,,,,
e,,,Chorus,,,,,
&,Hi-hat (closed),,Chorus,,,,,
a,,,Chorus,,,,,
192,Snare Drum,Hi-hat (closed),Chorus,,,,,
e,,,Chorus,,,,,
&,Bass Drum,Hi-hat (closed),Chorus,,,,,
a,,,Chorus,,,,,
193,Bass Drum,Hi-hat (closed),Chorus,49,,,,
e,,,Chorus,,,,,
&,Hi-hat (closed),,Chorus,,,,,
a,,,Chorus,,,,,
194,Snare Drum,Hi-hat (closed),,,,,,
e,,,,,,,,
&,Bass Drum,Hi-hat (closed),,,,,,
a,,,,,,,,
195,Bass Drum,Hi-hat (closed),, ,,,,
e,,,,,,,,
&,Hi-hat (closed),,,,,,,
a,,,,,,,,
196,Snare Drum,Hi-hat (closed),,,,,,
e,,,,,,,,
&,Bass Drum,Hi-hat (closed),,,,,,
a,,,,,,,,
197,Bass Drum,Hi-hat (closed),,50,,,,
e,,,,,,,,
&,Hi-hat (closed),,,,,,,
a,,,,,,,,
198,Snare Drum,Hi-hat (closed),,,,,,
e,,,,,,,,
&,Bass Drum,Hi-hat (closed),,,,,,
a,,,,,,,,
199,Bass Drum,Hi-hat (closed),,,,,,
e,,,,,,,,
&,Hi-hat (closed),,,,,,,
a,,,,,,,,
200,Snare Drum,Hi-hat (closed),,,,,,
e,,,,,,,,
&,Bass Drum,Hi-hat (closed),,,,,,
a,,,,,,,,
201,Bass Drum,Hi-hat (closed),,51,,,,
e,,,,,,,,
&,Snare Drum,Tom-tom,,,,,,
a,,,,,,,,
202,Hi-hat (closed),,,,,,,
e,,,,,,,,
&,Bass Drum,Hi-hat (closed),,,,,,
a,,,,,,,,
203,Snare Drum,Tom-tom,, ,,,,
e,,,,,,,,
&,Bass Drum,,,,,,,
a,,,,,,,,
204,Snare Drum,Tom-tom,,,,,,
e,,,,,,,,
&,Bass Drum,,,,,,,
a,,,,,,,,
205,Bass Drum,Tom-tom,,52,,,,
e,,,,,,,,
&,Ride Cymbal,,,,,,,
a,,,,,,,,
206,Snare Drum,Ride Cymbal,,,,,,
e,,,,,,,,
&,Bass Drum,Tom-tom,,,,,,
a,,,,,,,,
207,Ride Cymbal,,,,,,,
e,,,,,,,,
&,Bass Drum,Ride Cymbal,,,,,,
a,,,,,,,,
208,Snare Drum,Ride Cymbal,,,,,,
e,,,,,,,,
&,Ride Cymbal,,,,,,,
a,,,,,,,,
209,Bass Drum,Tom-tom,,53,,,,
e,,,,,,,,
&,Ride Cymbal,,,,,,,
a,,,,,,,,
210,Snare Drum,Ride Cymbal,,,,,,
e,,,,,,,,
&,Bass Drum,Tom-tom,,,,,,
a,,,,,,,,
211,Ride Cymbal,,, ,,,,
e,,,,,,,,
&,Bass Drum,Ride Cymbal,,,,,,
a,,,,,,,,
212,Snare Drum,Ride Cymbal,,,,,,
e,,,,,,,,
&,Bass Drum,Ride Cymbal,,,,,,
a,,,,,,,,
213,Bass Drum,Tom-tom,,54,,,,
e,,,,,,,,
&,Ride Cymbal,,,,,,,
a,,,,,,,,
214,Snare Drum,Ride Cymbal,,,,,,
e,,,,,,,,
&,Bass Drum,Ride Cymbal,,,,,,
a,,,,,,,,
215,Bass Drum,Ride Cymbal,,,,,,
e,,,,,,,,
&,Ride Cymbal,,,,,,,
a,,,,,,,,
216,Snare Drum,Ride Cymbal,,,,,,
e,,,,,,,,
&,Bass Drum,Ride Cymbal,,,,,,
a,,,,,,,,
217,Bass Drum,Ride Cymbal,,55,,,,
e,,,,,,,,
&,Ride Cymbal,,,,,,,
a,,,,,,,,
218,Snare Drum,Ride Cymbal,,,,,,
e,,,,,,,,
&,Bass Drum,Ride Cymbal,,,,,,
a,,,,,,,,
219,Bass Drum,Ride Cymbal,, ,,,,
e,,,,,,,,
&,Ride Cymbal,,,,,,,
a,,,,,,,,
220,Snare Drum,Ride Cymbal,,,,,,
e,,,,,,,,
&,Bass Drum,Ride Cymbal,,,,,,
a,,,,,,,,
221,Bass Drum,Ride Cymbal,,56,,,,
e,,,,,,,,
&,Ride Cymbal,,,,,,,
a,,,,,,,,
222,Snare Drum,Ride Cymbal,,,,,,
e,,,,,,,,
&,Bass Drum,Ride Cymbal,,,,,,
a,,,,,,,,
223,Bass Drum,Ride Cymbal,,,,,,
e,,,,,,,,
&,Snare Drum,Tom-tom,,,,,,
a,,,,,,,,
224,Snare Drum,Tom-tom,,,,,,
e,,,,,,,,
&,,,,,,,,
a,,,,,,,,
225,Bass Drum,Tom-tom,,57,,,,
e,,,,,,,,
&,Ride Cymbal,,,,,,,
a,,,,,,,,
226,Snare Drum,Ride Cymbal,,,,,,
e,,,,,,,,
&,Bass Drum,Ride Cymbal,,,,,,
a,,,,,,,,
227,Bass Drum,Ride Cymbal,, ,,,,
e,,,,,,,,
&,Ride Cymbal,,,,,,,
a,,,,,,,,
228,Snare Drum,Ride Cymbal,,,,,,
e,,,,,,,,
&,Bass Drum,Ride Cymbal,,,,,,
a,,,,,,,,
229,Bass Drum,Ride Cymbal,,58,,,,
e,,,,,,,,
&,Ride Cymbal,,,,,,,
a,,,,,,,,
230,Snare Drum,Ride Cymbal,,,,,,
e,,,,,,,,
&,Bass Drum,Ride Cymbal,,,,,,
a,,,,,,,,
231,Bass Drum,Ride Cymbal,,,,,,
e,,,,,,,,
&,Ride Cymbal,,,,,,,
a,,,,,,,,
232,Ride Cymbal,,,,,,,
e,,,,,,,,
&,Bass Drum,Ride Cymbal,,,,,,
a,,,,,,,,
233,Bass Drum,Ride Cymbal,,59,,,,
e,,,,,,,,
&,Ride Cymbal,,,,,,,
a,,,,,,,,
234,Snare Drum,Ride Cymbal,,,,,,
e,,,,,,,,
&,Bass Drum,Ride Cymbal,,,,,,
a,,,,,,,,
235,Bass Drum,Ride Cymbal,, ,,,,
e,,,,,,,,
&,Ride Cymbal,,,,,,,
a,,,,,,,,
236,Ride Cymbal,,,,,,,
e,,,,,,,,
&,Bass Drum,Ride Cymbal,,,,,,
a,,,,,,,,
237,Bass Drum,Ride Cymbal,,60,,,,
e,,,,,,,,
&,Ride Cymbal,,,,,,,
a,,,,,,,,
238,Snare Drum,Ride Cymbal,,,,,,
e,,,,,,,,
&,Bass Drum,Ride Cymbal,,,,,,
a,,,,,,,,
239,Bass Drum,Ride Cymbal,,,,,,
e,,,,,,,,
&,Ride Cymbal,,,,,,,
a,,,,,,,,
240,Ride Cymbal,,,,,,,
e,,,,,,,,
&,Bass Drum,Ride Cymbal,,,,,,
a,,,,,,,,
241,Bass Drum,Ride Cymbal,,61,,,,
e,,,,,,,,
&,Ride Cymbal,,,,,,,
a,,,,,,,,
242,Snare Drum,Ride Cymbal,,,,,,
e,,,,,,,,
&,Bass Drum,Ride Cymbal,,,,,,
a,,,,,,,,
243,Bass Drum,Ride Cymbal,, ,,,,
e,,,,,,,,
&,Ride Cymbal,,,,,,,
a,,,,,,,,
244,Ride Cymbal,,,,,,,
e,,,,,,,,
&,Bass Drum,Ride Cymbal,,,,,,
a,,,,,,,,
245,Bass Drum,Ride Cymbal,,62,,,,
e,,,,,,,,
&,Ride Cymbal,,,,,,,
a,,,,,,,,
246,Snare Drum,Ride Cymbal,,,,,,
e,,,,,,,,
&,Bass Drum,Ride Cymbal,,,,,,
a,,,,,,,,
247,Bass Drum,Ride Cymbal,,,,,,
e,,,,,,,,
&,Ride Cymbal,,,,,,,
a,,,,,,,,
248,Ride Cymbal,,,,,,,
e,,,,,,,,
&,Bass Drum,Ride Cymbal,,,,,,
a,,,,,,,,
249,Bass Drum,Ride Cymbal,,63,,,,
e,,,,,,,,
&,Ride Cymbal,,,,,,,
a,,,,,,,,
250,Snare Drum,Ride Cymbal,,,,,,
e,,,,,,,,
&,Bass Drum,Ride Cymbal,,,,,,
a,,,,,,,,
251,Bass Drum,Ride Cymbal,, ,,,,
e,,,,,,,,
&,Ride Cymbal,,,,,,,
a,,,,,,,,
252,Ride Cymbal,,,,,,,
e,,,,,,,,
&,Bass Drum,Ride Cymbal,,,,,,
a,,,,,,,,
253,Bass Drum,Ride Cymbal,,64,,,,
e,,,,,,,,
&,Snare Drum,Tom-tom,,,,,,
a,,,,,,,,
254,Ride Cymbal,,,,,,,
e,,,,,,,,
&,Bass Drum,Ride Cymbal,,,,,,
a,,,,,,,,
255,Snare Drum,Tom-tom,,,,,,
e,,,,,,,,
&,Bass Drum,,,,,,,
a,,,,,,,,
256,Snare Drum,Tom-tom,,,,,,
e,,,,,,,,
&,,,,,,,,
a,,,,,,,,
257,Bass Drum,Tom-tom,,65,,,,
e,,,,,,,,
&,Ride Cymbal,,,,,,,
a,,,,,,,,
258,Snare Drum,Ride Cymbal,,,,,,
e,,,,,,,,
&,Bass Drum,Tom-tom,,,,,,
a,,,,,,,,
259,Ride Cymbal,,, ,,,,
e,,,,,,,,
&,Bass Drum,Ride Cymbal,,,,,,
a,,,,,,,,
260,Snare Drum,Ride Cymbal,,,,,,
e,,,,,,,,
&,Ride Cymbal,,,,,,,
a,,,,,,,,
261,Bass Drum,Tom-tom,,66,,,,
e,,,,,,,,
&,Ride Cymbal,,,,,,,
a,,,,,,,,
262,Snare Drum,Ride Cymbal,,,,,,
e,,,,,,,,
&,Bass Drum,Tom-tom,,,,,,
a,,,,,,,,
263,Ride Cymbal,,,,,,,
e,,,,,,,,
&,Bass Drum,Ride Cymbal,,,,,,
a,,,,,,,,
264,Snare Drum,Ride Cymbal,,,,,,
e,,,,,,,,
&,Bass Drum,Ride Cymbal,,,,,,
a,,,,,,,,
265,Bass Drum,Tom-tom,,67,,,,
e,,,,,,,,
&,Ride Cymbal,,,,,,,
a,,,,,,,,
266,Snare Drum,Ride Cymbal,,,,,,
e,,,,,,,,
&,Bass Drum,Ride Cymbal,,,,,,
a,,,,,,,,
267,Bass Drum,Ride Cymbal,, ,,,,
e,,,,,,,,
&,Ride Cymbal,,,,,,,
a,,,,,,,,
268,Snare Drum,Ride Cymbal,,,,,,
e,,,,,,,,
&,Bass Drum,Ride Cymbal,,,,,,
a,,,,,,,,
269,Bass Drum,Ride Cymbal,,68,,,,
e,,,,,,,,
&,Ride Cymbal,,,,,,,
a,,,,,,,,
270,Snare Drum,Ride Cymbal,,,,,,
e,,,,,,,,
&,Bass Drum,Ride Cymbal,,,,,,
a,,,,,,,,
271,Bass Drum,Ride Cymbal,,,,,,
e,,,,,,,,
&,Ride Cymbal,,,,,,,
a,,,,,,,,
272,Snare Drum,Ride Cymbal,,,,,,
e,,,,,,,,
&,Bass Drum,Ride Cymbal,,,,,,
a,,,,,,,,
273,Bass Drum,Tom-tom,,69,,,,
e,,,,,,,,
&,Ride Cymbal,,,,,,,
a,,,,,,,,
274,Snare Drum,Ride Cymbal,,,,,,
e,,,,,,,,
&,Bass Drum,Tom-tom,,,,,,
a,,,,,,,,
275,Ride Cymbal,,, ,,,,
e,,,,,,,,
&,Bass Drum,Ride Cymbal,,,,,,
a,,,,,,,,
276,Snare Drum,Ride Cymbal,,,,,,
e,,,,,,,,
&,Ride Cymbal,,,,,,,
a,,,,,,,,
277,Bass Drum,Tom-tom,,70,,,,
e,,,,,,,,
&,Ride Cymbal,,,,,,,
a,,,,,,,,
278,Snare Drum,Ride Cymbal,,,,,,
e,,,,,,,,
&,Bass Drum,Tom-tom,,,,,,
a,,,,,,,,
279,Ride Cymbal,,,,,,,
e,,,,,,,,
&,Bass Drum,Ride Cymbal,,,,,,
a,,,,,,,,
280,Snare Drum,Ride Cymbal,,,,,,
e,,,,,,,,
&,Ride Cymbal,,,,,,,
a,,,,,,,,
281,Bass Drum,Tom-tom,,71,,,,
e,,,,,,,,
&,Tom-tom,Snare Drum,,,,,,
a,,,,,,,,
282,Tom-tom,Snare Drum,,,,,,
e,,,,,,,,
&,Tom-tom,Snare Drum,,,,,,
a,,,,,,,,
283,Tom-tom,Snare Drum,, ,,,,
e,,,,,,,,
&,Tom-tom,Snare Drum,,,,,,
a,,,,,,,,
284,Tom-tom,Snare Drum,,,,,,
e,,,,,,,,
&,Tom-tom,Snare Drum,,,,,,
a,,,,,,,,
285,Tom-tom,Snare Drum,,72,,,,
e,,,,,,,,
&,Tom-tom,Snare Drum,,,,,,
a,,,,,,,,
286,Tom-tom,Snare Drum,,,,,,
e,,,,,,,,
&,Tom-tom,Snare Drum,,,,,,
a,,,,,,,,
287,Tom-tom,Snare Drum,,,,,,
e,,,,,,,,
&,Bass Drum,,,,,,,
a,,,,,,,,
288,Snare Drum,Snare Drum,,,,,,
e,,,,,,,,
&,,,,,,,,
a,,,,,,,,
289,Bass Drum,Tom-tom,,73,,,,
e,,,,,,,,
&,Ride Cymbal,,,,,,,
a,,,,,,,,
290,Snare Drum,Ride Cymbal,,,,,,
e,,,,,,,,
&,Bass Drum,Tom-tom,,,,,,
a,,,,,,,,
291,Ride Cymbal,,, ,,,,
e,,,,,,,,
&,Bass Drum,Ride Cymbal,,,,,,
a,,,,,,,,
292,Snare Drum,Ride Cymbal,,,,,,
e,,,,,,,,
&,Ride Cymbal,,,,,,,
a,,,,,,,,
293,Bass Drum,Tom-tom,,74,,,,
e,,,,,,,,
&,Ride Cymbal,,,,,,,
a,,,,,,,,
294,Snare Drum,Ride Cymbal,,,,,,
e,,,,,,,,
&,Bass Drum,Ride Cymbal,,,,,,
a,,,,,,,,
295,Ride Cymbal,,,,,,,
e,,,,,,,,
&,Bass Drum,Ride Cymbal,,,,,,
a,,,,,,,,
296,Snare Drum,Ride Cymbal,,,,,,
e,,,,,,,,
&,Ride Cymbal,,,,,,,
a,,,,,,,,
297,Bass Drum,Tom-tom,,75,,,,
e,,,,,,,,
&,Tom-tom,Snare Drum,,,,,,
a,,,,,,,,
298,Tom-tom,Snare Drum,,,,,,
e,,,,,,,,
&,Tom-tom,Snare Drum,,,,,,
a,,,,,,,,
299,Tom-tom,Snare Drum,, ,,,,
e,,,,,,,,
&,Tom-tom,Snare Drum,,,,,,
a,,,,,,,,
300,Tom-tom,Snare Drum,,,,,,
e,,,,,,,,
&,Tom-tom,Snare Drum,,,,,,
a,,,,,,,,
301,Tom-tom,Snare Drum,,76,,,,
e,,,,,,,,
&,Tom-tom,Snare Drum,,,,,,
a,,,,,,,,
302,Tom-tom,Snare Drum,,,,,,
e,,,,,,,,
&,Tom-tom,Snare Drum,,,,,,
a,,,,,,,,
303,Tom-tom,Snare Drum,,,,,,
e,,,,,,,,
&,Tom-tom,Snare Drum,,,,,,
a,,,,,,,,
304,Snare Drum,Snare Drum,,,,,,
e,,,,,,,,
&,,,,,,,,
a,,,,,,,,
305,Bass Drum,Tom-tom,,77,,,,
e,,,,,,,,
&,Ride Cymbal,,,,,,,
a,,,,,,,,
306,Snare Drum,Ride Cymbal,,,,,,
e,,,,,,,,
&,Bass Drum,Tom-tom,,,,,,
a,,,,,,,,
307,Ride Cymbal,,, ,,,,
e,,,,,,,,
&,Bass Drum,Ride Cymbal,,,,,,
a,,,,,,,,
308,Snare Drum,Ride Cymbal,,,,,,
e,,,,,,,,
&,Ride Cymbal,,,,,,,
a,,,,,,,,
309,Bass Drum,Tom-tom,,78,,,,
e,,,,,,,,
&,Ride Cymbal,,,,,,,
a,,,,,,,,
310,Snare Drum,Ride Cymbal,,,,,,
e,,,,,,,,
&,Bass Drum,Ride Cymbal,,,,,,
a,,,,,,,,
311,Ride Cymbal,,,,,,,
e,,,,,,,,
&,Bass Drum,Ride Cymbal,,,,,,
a,,,,,,,,
312,Snare Drum,Ride Cymbal,,,,,,
e,,,,,,,,
&,Ride Cymbal,,,,,,,
a,,,,,,,,
313,Bass Drum,Tom-tom,,79,,,,
e,,,,,,,,
&,Ride Cymbal,,,,,,,
a,,,,,,,,
314,Snare Drum,Ride Cymbal,,,,,,
e,,,,,,,,
&,Bass Drum,Ride Cymbal,,,,,,
a,,,,,,,,
315,Ride Cymbal,,, ,,,,
e,,,,,,,,
&,Bass Drum,Ride Cymbal,,,,,,
a,,,,,,,,
316,Snare Drum,Ride Cymbal,,,,,,
e,,,,,,,,
&,Ride Cymbal,,,,,,,
a,,,,,,,,
317,Bass Drum,Tom-tom,,80,,,,
e,,,,,,,,
&,Ride Cymbal,,,,,,,
a,,,,,,,,
318,Snare Drum,Ride Cymbal,,,,,,
e,,,,,,,,
&,Bass Drum,Ride Cymbal,,,,,,
a,,,,,,,,
319,Bass Drum,Tom-tom,,,,,,
e,,,,,,,,
&,,,,,,,,
a,,,,,,,,
320,Bass Drum,Tom-tom,,,,,,
e,,,,,,,,
&,,,,,,,,
a,,,,,,,,
321,Bass Drum,Hi-hat (closed),,81,,,,
e,,,,,,,,
&,Hi-hat (closed),,,,,,,
a,,,,,,,,
322,Snare Drum,Hi-hat (closed),,,,,,
e,,,,,,,,
&,Bass Drum,Hi-hat (closed),,,,,,
a,,,,,,,,
323,Hi-hat (closed),,, ,,,,
e,,,,,,,,
&,Hi-hat (closed),,,,,,,
a,,,,,,,,
324,Snare Drum,Hi-hat (closed),,,,,,
e,,,,,,,,
&,Hi-hat (closed),,,,,,,
a,,,,,,,,
325,Bass Drum,Hi-hat (closed),,82,,,,
e,,,,,,,,
&,Hi-hat (closed),,,,,,,
a,,,,,,,,
326,Snare Drum,Hi-hat (closed),,,,,,
e,,,,,,,,
&,Bass Drum,Hi-hat (closed),,,,,,
a,,,,,,,,
327,Hi-hat (closed),,,,,,,
e,,,,,,,,
&,Hi-hat (closed),,,,,,,
a,,,,,,,,
328,Snare Drum,Hi-hat (closed),,,,,,
e,,,,,,,,
&,Hi-hat (closed),,,,,,,
a,,,,,,,,
329,Bass Drum,Hi-hat (closed),,83,,,,
e,,,,,,,,
&,Hi-hat (closed),,,,,,,
a,,,,,,,,
330,Snare Drum,Hi-hat (closed),,,,,,
e,,,,,,,,
&,Bass Drum,Hi-hat (closed),,,,,,
a,,,,,,,,
331,Hi-hat (closed),,, ,,,,
e,,,,,,,,
&,Hi-hat (closed),,,,,,,
a,,,,,,,,
332,Snare Drum,Hi-hat (closed),,,,,,
e,,,,,,,,
&,Hi-hat (closed),,,,,,,
a,,,,,,,,
333,Hi-hat (closed),,,84,,,,
e,,,,,,,,
&,Bass Drum,Hi-hat (closed),,,,,,
a,,,,,,,,
334,Snare Drum,Hi-hat (closed),,,,,,
e,,,,,,,,
&,Bass Drum,Hi-hat (closed),,,,,,
a,,,,,,,,
335,Bass Drum,Hi-hat (closed),,,,,,
e,,,,,,,,
&,Hi-hat (closed),,,,,,,
a,,,,,,,,
336,Snare Drum,Hi-hat (closed),,,,,,
e,,,,,,,,
&,Hi-hat (closed),,,,,,,
a,,,,,,,,
337,Bass Drum,Hi-hat (closed),,85,,,,
e,,,,,,,,
&,Hi-hat (closed),,,,,,,
a,,,,,,,,
338,Snare Drum,Hi-hat (closed),,,,,,
e,,,,,,,,
&,Bass Drum,Hi-hat (closed),,,,,,
a,,,,,,,,
339,Hi-hat (closed),,, ,,,,
e,,,,,,,,
&,Hi-hat (closed),,,,,,,
a,,,,,,,,
340,Snare Drum,Hi-hat (closed),,,,,,
e,,,,,,,,
&,Hi-hat (closed),,,,,,,
a,,,,,,,,
341,Bass Drum,Hi-hat (closed),,86,,,,
e,,,,,,,,
&,Hi-hat (closed),,,,,,,
a,,,,,,,,
342,Snare Drum,Hi-hat (closed),,,,,,
e,,,,,,,,
&,Bass Drum,Hi-hat (closed),,,,,,
a,,,,,,,,
343,Hi-hat (closed),,,,,,,
e,,,,,,,,
&,Hi-hat (closed),,,,,,,
a,,,,,,,,
344,Snare Drum,Hi-hat (closed),,,,,,
e,,,,,,,,
&,Hi-hat (closed),,,,,,,
a,,,,,,,,
345,Bass Drum,Hi-hat (closed),,87,,,,
e,,,,,,,,
&,Hi-hat (closed),,,,,,,
a,,,,,,,,
346,Snare Drum,Hi-hat (closed),,,,,,
e,,,,,,,,
&,Bass Drum,Hi-hat (closed),,,,,,
a,,,,,,,,
347,Hi-hat (closed),,, ,,,,
e,,,,,,,,
&,Hi-hat (closed),,,,,,,
a,,,,,,,,
348,Snare Drum,Hi-hat (closed),,,,,,
e,,,,,,,,
&,Hi-hat (closed),,,,,,,
a,,,,,,,,
349,Hi-hat (closed),,,88,,,,
e,,,,,,,,
&,Bass Drum,Hi-hat (closed),,,,,,
a,,,,,,,,
350,Snare Drum,Hi-hat (closed),,,,,,
e,,,,,,,,
&,Bass Drum,Hi-hat (closed),,,,,,
a,,,,,,,,
351,Bass Drum,Hi-hat (closed),,,,,,
e,,,,,,,,
&,Hi-hat (closed),,,,,,,
a,,,,,,,,
352,Snare Drum,Hi-hat (closed),,,,,,
e,,,,,,,,
&,Snare Drum,Hi-hat (closed),,,,,,
a,,,,,,,,
353,Bass Drum,Tom-tom,,89,,,,
e,,,,,,,,
&,Hi-hat (closed),,,,,,,
a,,,,,,,,
354,Snare Drum,Hi-hat (closed),,,,,,
e,,,,,,,,
&,Hi-hat (closed),,,,,,,
a,,,,,,,,
355,Hi-hat (closed),,, ,,,,
e,,,,,,,,
&,Bass Drum,Hi-hat (closed),,,,,,
a,,,,,,,,
356,Snare Drum,Hi-hat (closed),,,,,,
e,,,,,,,,
&,Hi-hat (closed),,,,,,,
a,,,,,,,,
357,Bass Drum,Hi-hat (closed),,90,,,,
e,,,,,,,,
&,Hi-hat (closed),,,,,,,
a,,,,,,,,
358,Snare Drum,Hi-hat (closed),,,,,,
e,,,,,,,,
&,Bass Drum,Hi-hat (closed),,,,,,
a,,,,,,,,
359,Hi-hat (closed),,,,,,,
e,,,,,,,,
&,Bass Drum,Hi-hat (closed),,,,,,
a,,,,,,,,
360,Snare Drum,Hi-hat (closed),,,,,,
e,,,,,,,,
&,Bass Drum,Hi-hat (closed),,,,,,
a,,,,,,,,
361,Snare Drum,Tom-tom,,91,,,,
e,,,,,,,,
&,Tom-tom,Snare Drum,,,,,,
a,,,,,,,,
362,Tom-tom,Snare Drum,,,,,,
e,,,,,,,,
&,Tom-tom,Snare Drum,,,,,,
a,,,,,,,,
363,Tom-tom,Snare Drum,, ,,,,
e,,,,,,,,
&,Tom-tom,Snare Drum,,,,,,
a,,,,,,,,
364,Tom-tom,Snare Drum,,,,,,
e,,,,,,,,
&,Tom-tom,Snare Drum,,,,,,
a,,,,,,,,
365,Tom-tom,Snare Drum,,92,,,,
e,,,,,,,,
&,Tom-tom,Snare Drum,,,,,,
a,,,,,,,,
366,Tom-tom,Snare Drum,,,,,,
e,,,,,,,,
&,Tom-tom,Snare Drum,,,,,,
a,,,,,,,,
367,Snare Drum,Snare Drum,,,,,,
e,,,,,,,,
&,Bass Drum,,,,,,,
a,,,,,,,,
368,Snare Drum,Snare Drum,,,,,,
e,,,,,,,,
&,,,,,,,,
a,,,,,,,,
369,Bass Drum,Tom-tom,,93,,,,
e,,,,,,,,
&,Ride Cymbal,,,,,,,
a,,,,,,,,
370,Snare Drum,Ride Cymbal,,,,,,
e,,,,,,,,
&,Bass Drum,Tom-tom,,,,,,
a,,,,,,,,
371,Ride Cymbal,,, ,,,,
e,,,,,,,,
&,Bass Drum,Ride Cymbal,,,,,,
a,,,,,,,,
372,Snare Drum,Ride Cymbal,,,,,,
e,,,,,,,,
&,Ride Cymbal,,,,,,,
a,,,,,,,,
373,Bass Drum,Tom-tom,,94,,,,
e,,,,,,,,
&,Ride Cymbal,,,,,,,
a,,,,,,,,
374,Snare Drum,Ride Cymbal,,,,,,
e,,,,,,,,
&,Bass Drum,Tom-tom,,,,,,
a,,,,,,,,
375,Ride Cymbal,,,,,,,
e,,,,,,,,
&,Bass Drum,Ride Cymbal,,,,,,
a,,,,,,,,
376,Snare Drum,Ride Cymbal,,,,,,
e,,,,,,,,
&,Ride Cymbal,,,,,,,
a,,,,,,,,
377,Bass Drum,Tom-tom,,95,,,,
e,,,,,,,,
&,Ride Cymbal,,,,,,,
a,,,,,,,,
378,Snare Drum,Ride Cymbal,,,,,,
e,,,,,,,,
&,Bass Drum,Tom-tom,,,,,,
a,,,,,,,,
379,Ride Cymbal,,, ,,,,
e,,,,,,,,
&,Bass Drum,Ride Cymbal,,,,,,
a,,,,,,,,
380,Snare Drum,Ride Cymbal,,,,,,
e,,,,,,,,
&,Ride Cymbal,,,,,,,
a,,,,,,,,
381,Bass Drum,Tom-tom,,96,,,,
e,,,,,,,,
&,Ride Cymbal,,,,,,,
a,,,,,,,,
382,Snare Drum,Ride Cymbal,,,,,,
e,,,,,,,,
&,Ride Cymbal,,,,,,,
a,,,,,,,,
383,Bass Drum,Tom-tom,,,,,,
e,,,,,,,,
&,,,,,,,,
a,,,,,,,,
384,Bass Drum,Tom-tom,,,,,,
e,,,,,,,,
&,,,,,,,,
a,,,,,,,,
385,Bass Drum,Tom-tom,,97,,,,
e,,,,,,,,
&,Ride Cymbal,,,,,,,
a,,,,,,,,
386,Snare Drum,Ride Cymbal,,,,,,
e,,,,,,,,
&,Bass Drum,Tom-tom,,,,,,
a,,,,,,,,
387,Ride Cymbal,,, ,,,,
e,,,,,,,,
&,Bass Drum,Ride Cymbal,,,,,,
a,,,,,,,,
388,Snare Drum,Ride Cymbal,,,,,,
e,,,,,,,,
&,Ride Cymbal,,,,,,,
a,,,,,,,,
389,Bass Drum,Tom-tom,,98,,,,
e,,,,,,,,
&,Ride Cymbal,,,,,,,
a,,,,,,,,
390,Snare Drum,Ride Cymbal,,,,,,
e,,,,,,,,
&,Bass Drum,Tom-tom,,,,,,
a,,,,,,,,
391,Ride Cymbal,,,,,,,
e,,,,,,,,
&,Bass Drum,Ride Cymbal,,,,,,
a,,,,,,,,
392,Snare Drum,Ride Cymbal,,,,,,
e,,,,,,,,
&,Ride Cymbal,,,,,,,
a,,,,,,,,
393,Bass Drum,Tom-tom,,99,,,,
e,,,,,,,,
&,Ride Cymbal,,,,,,,
a,,,,,,,,
394,Snare Drum,Ride Cymbal,,,,,,
e,,,,,,,,
&,Bass Drum,Tom-tom,,,,,,
a,,,,,,,,
395,Ride Cymbal,,, ,,,,
e,,,,,,,,
&,Bass Drum,Ride Cymbal,,,,,,
a,,,,,,,,
396,Snare Drum,Ride Cymbal,,,,,,
e,,,,,,,,
&,Ride Cymbal,,,,,,,
a,,,,,,,,
397,Bass Drum,Tom-tom,,100,,,,
e,,,,,,,,
&,Bass Drum,Tom-tom,,,,,,
a,,,,,,,,
398,,,,,,,,
e,Bass Drum,Tom-tom,,,,,,
&,,,,,,,,
a,,,,,,,,
399,Bass Drum,Tom-tom,,,,,,
e,,,,,,,,
&,Bass Drum,Tom-tom,,,,,,
a,,,,,,,,
400,,,,,,,,
e,Bass Drum,Tom-tom,,,,,,
&,,,,,,,,
a,,,,,,,,
401,Bass Drum,Tom-tom,,101,,,,
e,,,,,,,,
&,Ride Cymbal,,,,,,,
a,,,,,,,,
402,Snare Drum,Ride Cymbal,,,,,,
,,,,,,,,
,Bass Drum,Tom-tom,,,,,,
,,,,,,,,
,Ride Cymbal,,, ,,,,
,,,,,,,,
,Bass Drum,Ride Cymbal,,,,,,
,,,,,,,,
,Snare Drum,Ride Cymbal,,,,,,
,,,,,,,,
,Ride Cymbal,,,,,,,
,,,,,,,,
,Bass Drum,Tom-tom,,102,,,,
,,,,,,,,
,Ride Cymbal,,,,,,,
,,,,,,,,
,Snare Drum,Ride Cymbal,,,,,,
,,,,,,,,
,Bass Drum,Tom-tom,,,,,,
,,,,,,,,
,Ride Cymbal,,,,,,,
,,,,,,,,
,Bass Drum,Ride Cymbal,,,,,,
,,,,,,,,
,Snare Drum,Ride Cymbal,,,,,,
,,,,,,,,
,Ride Cymbal,,,,,,,
,,,,,,,,
,Bass Drum,Tom-tom,,103,,,,
,,,,,,,,
,,,,,,,,
,,,,,,,,
,Ride Cymbal,,,,,,,
,,,,,,,,
,,,,,,,,
,,,,,,,,
,Ride Cymbal,,, ,,,,
,,,,,,,,
,,,,,,,,
,,,,,,,,
,Ride Cymbal,,,,,,,
,,,,,,,,
,,,,,,,,
,,,,,,,,
,Bass Drum,Tom-tom,,104,,,,
,,,,,,,,
,,,,,,,,
,,,,,,,,
,Ride Cymbal,,,,,,,
,,,,,,,,
,,,,,,,,
,,,,,,,,
,Bass Drum,Tom-tom,,,,,,
,,,,,,,,
,,,,,,,,
,,,,,,,,
,Ride Cymbal,,,,,,,
,,,,,,,,
,,,,,,,,
,,,,,,,,
,Bass Drum,Tom-tom,,,,,,
